,fps,duration,cudaTotal,kernComputeIndices-836,thrust::sort_by_key-840,kernResetIntBuffer-846,kernResetIntBuffer-847,kernIdentifyCellStartEnd-850,kernUpdateVelNeighborSearchScattered-857,kernUpdatePos-862
avg_1024,1034.09,1.01684,0.524711,0.0061605,0.268311,0.005212,0.00498669,0.00556641,0.225474,0.00899953
max_1024,1583.3,3.59619,2.18685,0.043008,1.95763,0.045696,0.024928,0.022592,0.536576,0.284608
min_1024,278.072,0.631592,0.424512,0.004736,0.20688,0.004064,0.004064,0.004256,0.18256,0.00496
512,1141.42,0.876099,0.460288,0.005824,0.242368,0.00576,0.00448,0.005888,0.189952,0.006016
513,1191.22,0.839478,0.434176,0.006144,0.220384,0.004896,0.004096,0.006144,0.186368,0.006144
514,1119.58,0.893188,0.461664,0.006496,0.22304,0.0048,0.004096,0.006176,0.210912,0.006144
515,1192.78,0.838379,0.456704,0.006144,0.231424,0.004096,0.005792,0.005472,0.197632,0.006144
516,872.603,1.146,0.954464,0.005824,0.448928,0.034816,0.00576,0.004576,0.448448,0.006112
517,720.873,1.38721,0.68832,0.006336,0.462848,0.00576,0.0056,0.005024,0.196704,0.006048
518,1124.81,0.889038,0.443584,0.006144,0.216384,0.0048,0.004096,0.006144,0.200032,0.005984
519,1160.01,0.862061,0.458752,0.006176,0.24368,0.00528,0.004896,0.005472,0.187104,0.006144
520,1190.7,0.839844,0.44384,0.006144,0.221216,0.005344,0.004864,0.005632,0.194592,0.006048
521,823.151,1.21484,0.463616,0.00496,0.233376,0.005568,0.004672,0.005664,0.203232,0.006144
522,1353.83,0.738647,0.44144,0.006176,0.225248,0.0056,0.00464,0.005728,0.188224,0.005824
523,867.705,1.15247,0.903168,0.00576,0.689952,0.004704,0.006144,0.005792,0.184672,0.006144
524,832.52,1.20117,0.671872,0.005824,0.450176,0.004928,0.006144,0.005568,0.193088,0.006144
525,1175.15,0.850952,0.452288,0.00608,0.22944,0.005312,0.004896,0.00608,0.194496,0.005984
526,1163.14,0.859741,0.424512,0.005824,0.209792,0.005824,0.004416,0.00592,0.186592,0.006144
527,1231.88,0.811768,0.44096,0.004992,0.216928,0.005856,0.004384,0.006016,0.196736,0.006048
528,1095.77,0.912598,0.463648,0.00496,0.241024,0.004672,0.005152,0.005088,0.196608,0.006144
529,1088.49,0.918701,0.463328,0.005088,0.239616,0.00592,0.00432,0.006048,0.196288,0.006048
530,1205.24,0.829712,0.67584,0.006144,0.454624,0.006304,0.006016,0.005952,0.190656,0.006144
531,764.821,1.3075,0.436256,0.005792,0.221568,0.005504,0.004736,0.005632,0.18688,0.006144
532,875.962,1.1416,0.44032,0.005952,0.221312,0.00416,0.005632,0.00464,0.19248,0.006144
533,1365.56,0.7323,0.43824,0.006144,0.216416,0.004768,0.004096,0.006176,0.194528,0.006112
534,1150.4,0.869263,0.440704,0.006496,0.216864,0.004352,0.005472,0.004768,0.196608,0.006144
535,1260.11,0.793579,0.43184,0.005824,0.216992,0.004512,0.005312,0.004928,0.188224,0.006048
536,724.443,1.38037,0.448064,0.006144,0.233472,0.004096,0.005728,0.004544,0.188,0.00608
537,1390.6,0.719116,0.444736,0.005792,0.223904,0.005536,0.004704,0.005664,0.192992,0.006144
538,565.082,1.76965,0.673056,0.008192,0.456736,0.006016,0.005568,0.004768,0.18576,0.006016
539,1222.69,0.817871,0.438464,0.005824,0.219584,0.004544,0.005248,0.004992,0.192256,0.006016
540,1163.8,0.859253,0.42608,0.005824,0.215456,0.005664,0.004576,0.005856,0.18256,0.006144
541,1181.25,0.846558,0.434592,0.005792,0.219904,0.005696,0.004544,0.005824,0.186688,0.006144
542,1136.52,0.879883,0.428032,0.006144,0.210208,0.004832,0.004096,0.006144,0.190464,0.006144
543,1233.36,0.810791,0.4384,0.007232,0.223552,0.004736,0.004096,0.006144,0.187424,0.005216
544,1083.45,0.922974,0.427744,0.006144,0.217088,0.00528,0.004896,0.005472,0.182816,0.006048
545,672.081,1.48792,0.689024,0.00704,0.474272,0.00496,0.004096,0.006144,0.186368,0.006144
546,736.757,1.3573,0.459072,0.005824,0.241408,0.004928,0.00416,0.006144,0.190464,0.006144
547,1008.62,0.991455,0.470976,0.006016,0.255456,0.004768,0.004096,0.006144,0.188416,0.00608
548,1206.84,0.828613,0.465632,0.004992,0.249056,0.004736,0.004096,0.006144,0.190464,0.006144
549,278.072,3.59619,2.18685,0.005792,1.95763,0.006976,0.005728,0.004512,0.20016,0.006048
550,1035.91,0.965332,0.459712,0.005056,0.231424,0.0056,0.00464,0.005664,0.201184,0.006144
551,1194.69,0.837036,0.433696,0.005824,0.216832,0.00496,0.004192,0.006144,0.18976,0.005984
552,1223.6,0.817261,0.442464,0.005888,0.215104,0.004384,0.00544,0.0048,0.200704,0.006144
553,734.379,1.36169,0.456576,0.006144,0.218112,0.00496,0.014016,0.005888,0.201248,0.006208
554,1433.67,0.69751,0.448928,0.005792,0.229056,0.004896,0.004224,0.006144,0.193632,0.005184
555,1101.22,0.908081,0.457024,0.00576,0.246336,0.005184,0.004864,0.005472,0.184224,0.005184
556,653.478,1.53027,0.481184,0.007936,0.256928,0.005632,0.004608,0.005728,0.194368,0.005984
557,1202.41,0.831665,0.448128,0.005984,0.227552,0.004672,0.005152,0.005088,0.193632,0.006048
558,1144.45,0.873779,0.441088,0.00496,0.221024,0.004192,0.005664,0.004544,0.19456,0.006144
559,1253.56,0.797729,0.44032,0.006176,0.217056,0.005536,0.004704,0.005664,0.19504,0.006144
560,1067.92,0.936401,0.481408,0.006144,0.260096,0.00528,0.004896,0.005472,0.194304,0.005216
561,1172.97,0.852539,0.437216,0.005088,0.219136,0.00544,0.0048,0.005536,0.191072,0.006144
562,1066.11,0.937988,0.4552,0.005056,0.239616,0.004096,0.005792,0.004448,0.190144,0.006048
563,832.013,1.2019,0.917024,0.005792,0.69888,0.006144,0.006016,0.005472,0.188672,0.006048
564,865.23,1.15576,0.447936,0.006144,0.228992,0.00448,0.006016,0.005472,0.190784,0.006048
565,1329.87,0.751953,0.438432,0.005824,0.22112,0.00464,0.005184,0.005088,0.190432,0.006144
566,1150.08,0.869507,0.431264,0.005824,0.213344,0.004096,0.005856,0.00544,0.190688,0.006016
567,1202.58,0.831543,0.450592,0.006176,0.235488,0.005152,0.004896,0.005472,0.187232,0.006176
568,1022.85,0.977661,0.462816,0.005824,0.244192,0.006144,0.004096,0.006144,0.190368,0.006048
569,987.821,1.01233,0.469024,0.005824,0.248128,0.006144,0.00512,0.005152,0.19248,0.006176
570,961.728,1.03979,0.474112,0.00512,0.256,0.005152,0.004896,0.005472,0.191328,0.006144
571,601.248,1.66321,0.517408,0.008192,0.294912,0.005472,0.004768,0.0056,0.192384,0.00608
572,649.798,1.53894,0.475072,0.005888,0.259648,0.0048,0.004096,0.006144,0.188416,0.00608
573,370.981,2.69556,0.513312,0.006144,0.292448,0.004512,0.005504,0.004768,0.193888,0.006048
574,982.961,1.01733,1.02195,0.006144,0.505856,0.032,0.024928,0.004512,0.442368,0.006144
575,637.163,1.56946,0.4936,0.005824,0.259616,0.004928,0.004096,0.006144,0.206848,0.006144
576,1047.7,0.954468,0.472512,0.006144,0.249792,0.00416,0.005696,0.004576,0.196064,0.00608
577,1099.3,0.909668,0.479872,0.005824,0.250624,0.004288,0.005536,0.004704,0.202752,0.006144
578,948.807,1.05396,0.46816,0.00592,0.25008,0.005568,0.004672,0.005696,0.190208,0.006016
579,957.121,1.0448,0.528576,0.00592,0.306752,0.004928,0.004128,0.006144,0.19456,0.006144
580,1264.78,0.790649,0.469856,0.00496,0.251712,0.004288,0.005536,0.004704,0.192512,0.006144
581,493.791,2.02515,0.697536,0.008192,0.475104,0.0056,0.004672,0.006144,0.191744,0.00608
582,1107.63,0.902832,0.4608,0.005824,0.235424,0.00496,0.004224,0.006144,0.19824,0.005984
583,1217.24,0.821533,0.458112,0.005728,0.242432,0.004096,0.005856,0.005472,0.188448,0.00608
584,1144.77,0.873535,0.442432,0.005792,0.218656,0.00496,0.004224,0.006112,0.19664,0.006048
585,1187.94,0.841797,0.439392,0.006144,0.228704,0.004768,0.004096,0.006144,0.183456,0.00608
586,1120.04,0.892822,0.45504,0.005824,0.240288,0.005632,0.004608,0.00576,0.186752,0.006176
587,1041.05,0.960571,0.451104,0.005792,0.225952,0.015616,0.004896,0.005472,0.187232,0.006144
588,841.759,1.18799,0.939488,0.043008,0.685792,0.005568,0.00496,0.00608,0.188064,0.006016
589,971.307,1.02954,0.443616,0.006144,0.216672,0.004512,0.005312,0.004928,0.2,0.006048
590,1132.12,0.883301,0.44032,0.006144,0.219136,0.00576,0.00448,0.005824,0.192832,0.006144
591,1073.66,0.931396,0.442368,0.006144,0.227328,0.004096,0.005696,0.004544,0.188416,0.006144
592,1170.95,0.854004,0.446624,0.004992,0.231424,0.005536,0.004704,0.005632,0.18832,0.006016
593,872.046,1.14673,0.462848,0.005088,0.24128,0.00448,0.005344,0.004896,0.195744,0.006016
594,893.738,1.1189,0.929056,0.005824,0.700736,0.0056,0.004704,0.006144,0.200032,0.006016
595,1049.05,0.953247,0.62672,0.00592,0.397536,0.005696,0.004544,0.005824,0.201024,0.006176
596,922.003,1.08459,0.466944,0.005824,0.241984,0.00544,0.0048,0.005536,0.197216,0.006144
597,1044.5,0.957397,0.447072,0.004864,0.220544,0.004736,0.004096,0.006144,0.200672,0.006016
598,1431.42,0.698608,0.45472,0.004992,0.22112,0.00576,0.004448,0.006144,0.206272,0.005984
599,1117.45,0.894897,0.453984,0.006144,0.22288,0.004448,0.005504,0.004736,0.204192,0.00608
600,1243.47,0.804199,0.446432,0.006144,0.21504,0.005568,0.004672,0.005696,0.2032,0.006112
601,1128.22,0.886353,0.45056,0.006144,0.219136,0.005696,0.004544,0.005856,0.202944,0.00624
602,739.484,1.35229,0.452608,0.008192,0.233024,0.004544,0.00528,0.004992,0.190432,0.006144
603,958.802,1.04297,0.479264,0.006048,0.2496,0.004448,0.005408,0.004864,0.20272,0.006176
604,1114.71,0.897095,0.448576,0.005824,0.220736,0.004928,0.004096,0.006144,0.200736,0.006112
605,1195.56,0.836426,0.446496,0.006176,0.227296,0.004096,0.005856,0.00544,0.191456,0.006176
606,1156.9,0.86438,0.436768,0.005824,0.21792,0.00576,0.00448,0.006144,0.190464,0.006176
607,1116.53,0.89563,0.469056,0.00576,0.245984,0.004416,0.00544,0.0048,0.196576,0.00608
608,1174.82,0.851196,0.460544,0.005952,0.237984,0.005184,0.004896,0.005472,0.194976,0.00608
609,580.293,1.72327,0.47008,0.007008,0.247648,0.004256,0.005568,0.004672,0.195744,0.005184
610,1153.97,0.866577,0.46224,0.006176,0.239584,0.005472,0.004768,0.0056,0.194432,0.006208
611,1198.01,0.834717,0.442656,0.005792,0.221696,0.005632,0.004608,0.005728,0.193984,0.005216
612,1157.72,0.86377,0.46208,0.005824,0.243296,0.004864,0.004096,0.006144,0.191808,0.006048
613,1272.64,0.785767,0.437888,0.006176,0.216608,0.004544,0.00528,0.00496,0.194272,0.006048
614,1127.6,0.886841,0.430272,0.005792,0.209312,0.004288,0.005504,0.004736,0.19456,0.00608
615,949.137,1.05359,0.456352,0.006144,0.23664,0.004928,0.004192,0.006144,0.192192,0.006112
616,1259.53,0.793945,0.451168,0.005824,0.23184,0.004608,0.005216,0.005024,0.192512,0.006144
617,658.203,1.51929,0.489408,0.008032,0.263392,0.004896,0.004256,0.006112,0.19664,0.00608
618,1134,0.881836,0.4536,0.005088,0.232896,0.004672,0.004096,0.006144,0.19456,0.006144
619,1035.52,0.965698,0.460704,0.005824,0.240416,0.005728,0.004512,0.005856,0.192288,0.00608
620,1298.05,0.770386,0.441728,0.006144,0.218368,0.004864,0.005152,0.005088,0.196032,0.00608
621,1225.43,0.81604,0.438272,0.005824,0.217408,0.005248,0.004864,0.005504,0.19328,0.006144
622,1087.63,0.919434,0.44544,0.00512,0.214144,0.00496,0.004128,0.006176,0.204768,0.006144
623,795.108,1.25769,1.00579,0.005792,0.495552,0.045696,0.007232,0.005088,0.440288,0.006144
624,718.533,1.39172,0.473056,0.005056,0.249856,0.005792,0.004448,0.00592,0.19616,0.005824
625,1008.87,0.991211,0.46096,0.005056,0.22736,0.005408,0.0048,0.005568,0.20672,0.006048
626,1583.3,0.631592,0.442368,0.00608,0.221248,0.005504,0.004736,0.005632,0.193152,0.006016
627,1161.33,0.861084,0.443168,0.00496,0.217056,0.005408,0.0048,0.006144,0.198656,0.006144
628,587.872,1.70105,0.444416,0.006144,0.22048,0.0048,0.004096,0.006144,0.196608,0.006144
629,1332.03,0.750732,0.687488,0.006048,0.450432,0.013632,0.005024,0.006048,0.200288,0.006016
630,756.068,1.32263,0.471968,0.006112,0.24432,0.00448,0.005344,0.004864,0.200704,0.006144
631,862.225,1.15979,0.483328,0.005856,0.25424,0.005344,0.004864,0.005504,0.201376,0.006144
632,1286.84,0.7771,0.444416,0.006144,0.221184,0.004096,0.00576,0.004512,0.196576,0.006144
633,1176.84,0.849731,0.44352,0.00592,0.221408,0.005152,0.004896,0.00544,0.194656,0.006048
634,1203.47,0.830933,0.452,0.00608,0.216352,0.004896,0.004096,0.006144,0.208384,0.006048
635,1116.53,0.89563,0.446464,0.006144,0.21824,0.00496,0.004128,0.00608,0.200768,0.006144
636,1164.79,0.858521,0.456704,0.006144,0.227328,0.005664,0.004576,0.00576,0.201088,0.006144
637,660.379,1.51428,0.747552,0.008192,0.511936,0.00416,0.005664,0.004576,0.206848,0.006176
638,920.76,1.08606,0.4608,0.006112,0.237152,0.004544,0.00528,0.00496,0.196608,0.006144
639,1127.6,0.886841,0.4424,0.005824,0.211168,0.004192,0.005632,0.004608,0.196608,0.014368
640,1208.62,0.827393,0.457664,0.005088,0.233472,0.005152,0.004864,0.005504,0.197472,0.006112
641,1107.78,0.90271,0.444032,0.005984,0.221344,0.004096,0.005728,0.004512,0.19632,0.006048
642,698.142,1.43237,0.456704,0.006176,0.241312,0.004416,0.005376,0.004896,0.188384,0.006144
643,1269.68,0.787598,0.447008,0.005856,0.230208,0.00512,0.004896,0.00432,0.190464,0.006144
644,880.009,1.13635,0.915488,0.006144,0.690176,0.006144,0.005664,0.004576,0.196608,0.006176
645,810.527,1.23376,0.461728,0.005024,0.231424,0.005152,0.004992,0.00544,0.203584,0.006112
646,1211.66,0.825317,0.444416,0.005888,0.22144,0.005472,0.004768,0.005568,0.195168,0.006112
647,1150.4,0.869263,0.436288,0.006144,0.208896,0.005536,0.004704,0.005664,0.199136,0.006208
648,1154.94,0.865845,0.450688,0.005888,0.217472,0.004096,0.005856,0.00544,0.205792,0.006144
649,1057.17,0.945923,0.4976,0.006144,0.266272,0.005696,0.004512,0.005824,0.203072,0.00608
650,824.394,1.21301,0.905216,0.006144,0.683232,0.004896,0.006144,0.005568,0.193088,0.006144
651,987.226,1.01294,0.655392,0.005824,0.434368,0.004256,0.005632,0.004608,0.19456,0.006144
652,909.515,1.09949,0.456704,0.006144,0.236928,0.004736,0.004096,0.006176,0.19248,0.006144
653,1140.79,0.876587,0.44848,0.005856,0.229696,0.004544,0.00528,0.00496,0.192096,0.006048
654,1260.5,0.793335,0.448288,0.006016,0.218848,0.004608,0.005184,0.005056,0.20256,0.006016
655,1206.48,0.828857,0.444096,0.005952,0.21696,0.004416,0.00544,0.0048,0.20048,0.006048
656,867.613,1.15259,0.45408,0.006144,0.2224,0.004928,0.00544,0.0048,0.204352,0.006016
657,1216.87,0.821777,0.683488,0.006144,0.448224,0.006432,0.006144,0.005664,0.204832,0.006048
658,747.786,1.33728,0.806432,0.005856,0.342432,0.004416,0.005376,0.004864,0.437344,0.006144
659,887.348,1.12695,0.481088,0.00576,0.246048,0.004384,0.00544,0.004832,0.208544,0.00608
660,1153.15,0.867188,0.458144,0.005824,0.221248,0.004448,0.005376,0.004864,0.210144,0.00624
661,1172.8,0.852661,0.4688,0.005728,0.23744,0.004864,0.004096,0.006176,0.204416,0.00608
662,1140.79,0.876587,0.438976,0.00496,0.21488,0.005408,0.004832,0.005504,0.197248,0.006144
663,1174.82,0.851196,0.446592,0.005824,0.227104,0.004736,0.004096,0.006144,0.192512,0.006176
664,1105.23,0.904785,0.712704,0.006144,0.479232,0.007328,0.00496,0.006112,0.202784,0.006144
665,699.812,1.42896,0.555808,0.004896,0.32768,0.005664,0.004576,0.005792,0.201056,0.006144
666,908.607,1.10059,0.45056,0.006144,0.219136,0.005888,0.004352,0.006016,0.20288,0.006144
667,1266.15,0.789795,0.446304,0.006048,0.214976,0.004256,0.005568,0.004704,0.204704,0.006048
668,1161.33,0.861084,0.457312,0.004992,0.212768,0.00416,0.006144,0.005536,0.217312,0.0064
669,1210.4,0.826172,0.44976,0.006144,0.212992,0.004096,0.005824,0.005472,0.209184,0.006048
670,1075.35,0.929932,0.4624,0.006176,0.225056,0.004288,0.005504,0.004736,0.210592,0.006048
671,1199.06,0.833984,0.448576,0.005792,0.225728,0.005568,0.00464,0.005728,0.194976,0.006144
672,630.348,1.58643,0.722944,0.007904,0.225568,0.005216,0.004896,0.005664,0.467552,0.006144
673,1062.38,0.941284,0.458656,0.006144,0.223232,0.00544,0.0048,0.005568,0.207424,0.006048
674,1029.4,0.971436,0.442368,0.005824,0.211264,0.004096,0.005824,0.005472,0.203744,0.006144
675,1191.22,0.839478,0.457088,0.005824,0.211648,0.005312,0.004864,0.022592,0.200704,0.006144
676,1199.24,0.833862,0.432448,0.005792,0.209952,0.005088,0.004896,0.00544,0.195264,0.006016
677,614.877,1.62634,0.45344,0.00496,0.226912,0.00448,0.005344,0.004896,0.200928,0.00592
678,664.073,1.50586,0.547392,0.007936,0.260256,0.004768,0.004096,0.006144,0.216352,0.04784
679,908.405,1.10083,0.452768,0.006144,0.227232,0.004192,0.0056,0.00464,0.199744,0.005216
680,656.989,1.52209,0.450944,0.005088,0.219104,0.005696,0.004544,0.005824,0.20464,0.006048
681,1228.19,0.814209,0.444416,0.00608,0.216768,0.004512,0.00528,0.004928,0.200704,0.006144
682,1158.21,0.863403,0.436672,0.005824,0.211232,0.004608,0.005216,0.005056,0.198624,0.006112
683,1082.17,0.924072,0.454464,0.006112,0.225312,0.005472,0.004768,0.0056,0.201152,0.006048
684,590.67,1.69299,0.48944,0.008192,0.253952,0.005632,0.004608,0.005728,0.204768,0.00656
685,919.52,1.08752,0.4624,0.006144,0.241312,0.004448,0.005376,0.004864,0.194304,0.005952
686,1116.68,0.895508,0.460608,0.005856,0.235808,0.005216,0.004864,0.00544,0.197408,0.006016
687,1202.41,0.831665,0.442848,0.005824,0.219968,0.005728,0.00448,0.00592,0.19488,0.006048
688,1116.68,0.895508,0.440448,0.006176,0.216512,0.00464,0.005184,0.005056,0.197696,0.005184
689,1257.79,0.795044,0.434048,0.006016,0.211072,0.005344,0.004896,0.005472,0.195168,0.00608
690,971.537,1.0293,0.462528,0.006144,0.244928,0.004928,0.004096,0.006144,0.190272,0.006016
691,728.113,1.37341,0.451968,0.007904,0.229856,0.005184,0.004864,0.005504,0.192576,0.00608
692,1139.36,0.877686,0.463968,0.006144,0.235168,0.004448,0.005376,0.004864,0.201888,0.00608
693,905.393,1.10449,0.458848,0.006144,0.224704,0.004672,0.005152,0.005088,0.207872,0.005216
694,1523.53,0.656372,0.460064,0.006144,0.223232,0.004096,0.00576,0.00448,0.210304,0.006048
695,1085.03,0.921631,0.456256,0.006144,0.221184,0.00544,0.0048,0.005568,0.207072,0.006048
696,1198.71,0.834229,0.441248,0.005024,0.219136,0.005888,0.004352,0.005856,0.194976,0.006016
697,1082.02,0.924194,0.44816,0.00576,0.217568,0.004352,0.00544,0.004832,0.20416,0.006048
698,818.545,1.22168,0.910496,0.00592,0.679552,0.004704,0.006144,0.005792,0.202368,0.006016
699,767.4,1.3031,0.698368,0.006144,0.466656,0.005568,0.00496,0.006112,0.202784,0.006144
700,1051.2,0.951294,0.45056,0.006144,0.217088,0.005952,0.004288,0.006144,0.204832,0.006112
701,1160.18,0.861938,0.447584,0.005792,0.21344,0.006144,0.004096,0.006144,0.205888,0.00608
702,1094.31,0.913818,0.454688,0.006144,0.219136,0.005568,0.004672,0.005664,0.207328,0.006176
703,1213.81,0.823853,0.450528,0.006016,0.214528,0.004736,0.004096,0.006144,0.208896,0.006112
704,997.079,1.00293,0.479232,0.006144,0.253952,0.005856,0.004384,0.005952,0.1968,0.006144
705,761.409,1.31335,0.72592,0.007072,0.499712,0.005664,0.004576,0.006144,0.196608,0.006144
706,930.909,1.07422,0.46016,0.005824,0.235264,0.004864,0.004096,0.006144,0.197984,0.005984
707,1123.42,0.890137,0.456416,0.006144,0.234528,0.004928,0.004256,0.006112,0.194368,0.00608
708,1178.54,0.848511,0.46,0.006144,0.223232,0.005792,0.004448,0.005952,0.20864,0.005792
709,1269.29,0.787842,0.454304,0.005984,0.221216,0.004224,0.0056,0.00464,0.20656,0.00608
710,1177.01,0.849609,0.454912,0.005856,0.2176,0.005376,0.004864,0.005504,0.209536,0.006176
711,1078.46,0.927246,0.457152,0.005792,0.229984,0.004288,0.005536,0.004736,0.200672,0.006144
712,772.539,1.29443,0.727296,0.007904,0.499296,0.005056,0.00608,0.005504,0.198368,0.005088
713,903.995,1.1062,0.710496,0.005664,0.469632,0.00576,0.0056,0.005024,0.212736,0.00608
714,1109.13,0.901611,0.48128,0.006176,0.234848,0.004736,0.004096,0.006144,0.219136,0.006144
715,1033.69,0.967407,0.465024,0.00496,0.212928,0.005312,0.004896,0.005504,0.223904,0.00752
716,1224.51,0.81665,0.48288,0.005824,0.234272,0.004096,0.005792,0.005472,0.220256,0.007168
717,1120.5,0.892456,0.460896,0.005792,0.213088,0.004416,0.005408,0.004832,0.221184,0.006176
718,800.782,1.24878,0.483328,0.006176,0.239008,0.004672,0.005856,0.00608,0.215392,0.006144
719,643.924,1.55298,0.495168,0.008192,0.245504,0.004352,0.005472,0.0048,0.220256,0.006592
720,914.082,1.09399,0.464928,0.005824,0.225824,0.005824,0.004416,0.005952,0.211008,0.00608
721,1279.8,0.781372,0.452224,0.00592,0.2192,0.004256,0.005568,0.004704,0.206496,0.00608
722,1220.14,0.81958,0.436224,0.006144,0.214496,0.00464,0.004096,0.005984,0.19472,0.006144
723,1052.55,0.950073,0.4424,0.005792,0.213024,0.004448,0.005408,0.004832,0.202752,0.006144
724,1264.98,0.790527,0.442528,0.005792,0.218528,0.00496,0.004256,0.006048,0.197728,0.005216
725,1135.73,0.880493,0.444608,0.00592,0.221536,0.00416,0.005664,0.004608,0.196576,0.006144
726,883.33,1.13208,0.905824,0.00784,0.678848,0.006144,0.005728,0.004512,0.196608,0.006144
727,819.938,1.2196,0.448512,0.006144,0.21824,0.00496,0.004128,0.006144,0.202752,0.006144
728,1100.48,0.908691,0.438272,0.006144,0.210784,0.004256,0.0056,0.00464,0.200704,0.006144
729,1089.36,0.917969,0.449984,0.005856,0.219456,0.005152,0.004896,0.005472,0.203136,0.006016
730,1299.49,0.769531,0.45312,0.005824,0.225408,0.004704,0.00512,0.00512,0.2008,0.006144
731,1183.13,0.845215,0.44528,0.00496,0.214944,0.004192,0.005632,0.00464,0.204768,0.006144
732,1048.78,0.953491,0.45536,0.00496,0.223072,0.005184,0.004896,0.005504,0.2056,0.006144
733,875.681,1.14197,0.914048,0.005824,0.680832,0.0056,0.004704,0.006176,0.204768,0.006144
734,720.81,1.38733,0.712352,0.005824,0.479584,0.005568,0.004832,0.006176,0.204416,0.005952
735,1039.99,0.961548,0.467936,0.005056,0.234656,0.004896,0.00416,0.006144,0.206848,0.006176
736,1485.13,0.67334,0.46688,0.006176,0.220736,0.004512,0.00528,0.004992,0.219104,0.00608
737,1177.18,0.849487,0.464608,0.005824,0.217792,0.00432,0.005472,0.004768,0.219136,0.007296
738,1113.04,0.898438,0.462592,0.005792,0.215168,0.004576,0.005248,0.004992,0.220768,0.006048
739,790.886,1.2644,0.479232,0.006144,0.230784,0.004736,0.005216,0.005024,0.221184,0.006144
740,689.678,1.44995,0.480032,0.006944,0.23552,0.005696,0.004544,0.005824,0.215392,0.006112
741,1008.12,0.991943,0.468352,0.006144,0.220288,0.004928,0.00416,0.006144,0.22064,0.006048
742,1154.62,0.866089,0.468992,0.00592,0.219392,0.005312,0.004864,0.00592,0.22144,0.006144
743,1089.07,0.918213,0.443584,0.006144,0.208896,0.00592,0.005504,0.00496,0.206112,0.006048
744,1082.02,0.924194,0.4592,0.005824,0.20768,0.005504,0.004736,0.006144,0.223232,0.00608
745,1179.55,0.847778,0.477184,0.00496,0.233472,0.004096,0.005888,0.005472,0.217248,0.006048
746,1003.18,0.996826,0.475136,0.006176,0.22688,0.004512,0.005856,0.00544,0.220128,0.006144
747,655.046,1.52661,0.559328,0.007936,0.281056,0.005728,0.004512,0.005856,0.231584,0.022656
748,931.544,1.07349,0.452704,0.005824,0.214784,0.004768,0.004096,0.006144,0.210944,0.006144
749,1169.62,0.85498,0.464896,0.006144,0.221184,0.005216,0.004896,0.005504,0.215808,0.006144
750,983.197,1.01709,0.454656,0.006144,0.217088,0.005728,0.004512,0.005824,0.209216,0.006144
751,1406.83,0.710815,0.448032,0.005792,0.212704,0.004864,0.004096,0.006144,0.20832,0.006112
752,916.639,1.09094,0.438144,0.004992,0.210656,0.004352,0.005472,0.004768,0.201888,0.006016
753,1366.93,0.731567,0.466944,0.006176,0.235488,0.005472,0.004768,0.0056,0.203296,0.006144
754,589.48,1.69641,0.514624,0.007904,0.283392,0.005632,0.004608,0.005696,0.202208,0.005184
755,933.561,1.07117,0.459296,0.005792,0.217216,0.004864,0.004096,0.006144,0.21504,0.006144
756,1161,0.861328,0.453344,0.004832,0.210944,0.004096,0.00576,0.00448,0.217088,0.006144
757,1195.91,0.836182,0.455904,0.006112,0.215072,0.005792,0.004448,0.00592,0.212576,0.005984
758,1145.41,0.873047,0.456704,0.006144,0.214816,0.005472,0.004896,0.00544,0.213792,0.006144
759,1127.75,0.886719,0.451072,0.005824,0.223968,0.00432,0.005504,0.004736,0.20048,0.00624
760,1010.24,0.989868,0.7328,0.006144,0.499712,0.006304,0.005984,0.005888,0.20272,0.006048
761,678.033,1.47485,0.723616,0.005792,0.226304,0.005888,0.004224,0.004256,0.471008,0.006144
762,1082.02,0.924194,0.44464,0.006144,0.221184,0.004128,0.005696,0.004576,0.197696,0.005216
763,1120.35,0.892578,0.44032,0.006144,0.21504,0.005696,0.004544,0.005568,0.197184,0.006144
764,1173.81,0.851929,0.472096,0.006176,0.22896,0.00448,0.005344,0.004896,0.216192,0.006048
765,1118.51,0.894043,0.465888,0.005088,0.219136,0.005664,0.004576,0.005856,0.219424,0.006144
766,623.345,1.60425,0.508032,0.006112,0.248416,0.005472,0.004768,0.0056,0.231584,0.00608
767,695.121,1.4386,0.470976,0.008192,0.228992,0.00448,0.005344,0.004896,0.213024,0.006048
768,919.416,1.08765,0.463168,0.005792,0.219808,0.005728,0.004512,0.005856,0.21648,0.004992
769,1165.79,0.857788,0.459712,0.005024,0.216224,0.004992,0.004064,0.006144,0.217088,0.006176
770,1215.43,0.822754,0.45744,0.00496,0.214176,0.004832,0.004096,0.006144,0.217088,0.006144
771,1100.04,0.909058,0.454496,0.005792,0.207232,0.005824,0.004384,0.00608,0.219072,0.006112
772,891.695,1.12146,0.4584,0.006144,0.212352,0.004736,0.004096,0.006176,0.218624,0.006272
773,1377.73,0.72583,0.45248,0.005792,0.22192,0.0056,0.004608,0.00576,0.202752,0.006048
774,686.672,1.4563,0.489472,0.00816,0.245792,0.004096,0.005824,0.004416,0.204768,0.016416
775,969.467,1.03149,0.454656,0.006016,0.217216,0.00592,0.00432,0.006144,0.208896,0.006144
776,1181.42,0.846436,0.454848,0.004896,0.217088,0.005184,0.004864,0.005344,0.211424,0.006048
777,1163.97,0.859131,0.452896,0.004992,0.214144,0.0048,0.005568,0.004736,0.212576,0.00608
778,1149.75,0.869751,0.444128,0.006144,0.212256,0.004832,0.004096,0.006144,0.204608,0.006048
779,1105.09,0.904907,0.440448,0.005792,0.209856,0.0056,0.004608,0.00576,0.202752,0.00608
780,1174.99,0.851074,0.48336,0.005792,0.235904,0.00544,0.0048,0.005536,0.219776,0.006112
781,786.03,1.27222,0.706624,0.007968,0.467456,0.0056,0.004864,0.00608,0.208448,0.006208
782,953.667,1.04858,0.446528,0.005824,0.212768,0.004672,0.005152,0.006528,0.205408,0.006176
783,1164.13,0.859009,0.439264,0.005088,0.208896,0.005504,0.004736,0.005632,0.203392,0.006016
784,1262.83,0.79187,0.443488,0.005792,0.209248,0.00416,0.005664,0.005632,0.206944,0.006048
785,1110.03,0.900879,0.444448,0.006144,0.210944,0.004096,0.005728,0.004608,0.206752,0.006176
786,1174.65,0.851318,0.44192,0.005824,0.20768,0.00576,0.00448,0.005728,0.206368,0.00608
787,1185.53,0.843506,0.445184,0.005024,0.214208,0.004896,0.004096,0.006144,0.204736,0.00608
788,865.139,1.15588,0.915072,0.006144,0.681504,0.004576,0.006144,0.00592,0.204768,0.006016
789,918.592,1.08862,0.479264,0.006144,0.243712,0.005536,0.004704,0.005664,0.207328,0.006176
790,947.929,1.05493,0.445856,0.005824,0.211488,0.005696,0.004544,0.005664,0.206592,0.006048
791,1177.18,0.849487,0.44608,0.005792,0.211904,0.005504,0.004736,0.00544,0.206688,0.006016
792,1241.78,0.805298,0.442368,0.006144,0.208576,0.004416,0.005408,0.004832,0.206848,0.006144
793,1103.15,0.906494,0.438624,0.00576,0.209632,0.005696,0.004544,0.006144,0.200704,0.006144
794,1216.51,0.822021,0.453536,0.005024,0.222816,0.004512,0.005312,0.004928,0.2048,0.006144
795,850.145,1.17627,0.914016,0.005824,0.678368,0.0056,0.005088,0.005984,0.207008,0.006144
796,973.5,1.02722,0.705568,0.00512,0.210144,0.004896,0.004096,0.006144,0.468992,0.006176
797,914.49,1.09351,0.448672,0.005824,0.207328,0.005472,0.004768,0.006144,0.212992,0.006144
798,1074.5,0.930664,0.444896,0.005824,0.20768,0.005248,0.0048,0.005504,0.209696,0.006144
799,1313.66,0.76123,0.446464,0.005984,0.207008,0.00512,0.004864,0.005504,0.21184,0.006144
800,1052.42,0.950195,0.451456,0.005056,0.210144,0.004864,0.004096,0.006144,0.21504,0.006112
801,1165.46,0.858032,0.44416,0.006144,0.20688,0.00576,0.004448,0.005728,0.209152,0.006048
802,1001.59,0.998413,0.4592,0.005824,0.227552,0.00464,0.005152,0.005088,0.2048,0.006144
803,951.894,1.05054,0.926624,0.005024,0.692224,0.006144,0.005568,0.004672,0.206848,0.006144
804,926.802,1.07898,0.456352,0.005792,0.21568,0.004256,0.0056,0.004672,0.214336,0.006016
805,1140.47,0.876831,0.465088,0.005792,0.231392,0.00496,0.00416,0.006144,0.206528,0.006112
806,1102.56,0.906982,0.442048,0.005792,0.211776,0.005248,0.004896,0.0056,0.20272,0.006016
807,1159.68,0.862305,0.454688,0.006016,0.215168,0.005504,0.004736,0.0056,0.211488,0.006176
808,1029.53,0.971313,0.447648,0.006144,0.212352,0.004736,0.005248,0.004992,0.207904,0.006272
809,1300.32,0.769043,0.450752,0.005824,0.218688,0.004928,0.004224,0.005952,0.204992,0.006144
810,1144.45,0.873779,0.46112,0.005824,0.22144,0.00448,0.005344,0.004928,0.21296,0.006144
811,594.398,1.68237,0.694464,0.007072,0.455968,0.004832,0.006144,0.005664,0.208768,0.006016
812,1170.95,0.854004,0.45024,0.005824,0.211872,0.004128,0.00576,0.005472,0.2112,0.005984
813,1137.78,0.878906,0.446688,0.005792,0.210784,0.004832,0.004096,0.006144,0.208896,0.006144
814,1258.76,0.794434,0.448736,0.005824,0.211232,0.004512,0.00528,0.00496,0.21088,0.006048
815,1031.48,0.969482,0.454464,0.005792,0.212768,0.004832,0.004096,0.006144,0.214816,0.006016
816,853.333,1.17188,0.469728,0.005056,0.22832,0.004896,0.00544,0.004832,0.215008,0.006176
817,1123.73,0.889893,0.72752,0.00496,0.483296,0.007552,0.004736,0.005824,0.215104,0.006048
818,686.155,1.4574,0.69632,0.005856,0.458976,0.0056,0.004704,0.006144,0.208896,0.006144
819,1163.31,0.859619,0.458752,0.005856,0.21264,0.004736,0.004096,0.006144,0.219136,0.006144
820,1116.99,0.895264,0.477152,0.006144,0.23552,0.005696,0.004544,0.005792,0.213344,0.006112
821,1101.82,0.907593,0.482944,0.006144,0.237568,0.005536,0.004704,0.005664,0.21728,0.006048
822,1108.98,0.901733,0.468768,0.005824,0.230336,0.004096,0.005888,0.005504,0.211072,0.006048
823,1113.65,0.897949,0.475264,0.00592,0.233696,0.004096,0.005728,0.004512,0.216096,0.005216
824,869.639,1.1499,0.915264,0.005824,0.680352,0.006144,0.005792,0.004544,0.20656,0.006048
825,783.474,1.27637,0.452608,0.006144,0.214624,0.004512,0.00544,0.0048,0.210944,0.006144
826,1260.31,0.793457,0.442976,0.005824,0.209536,0.004384,0.00544,0.0048,0.206848,0.006144
827,1180.06,0.847412,0.444512,0.006144,0.212992,0.004096,0.00576,0.005504,0.2048,0.005216
828,1186.39,0.842896,0.445376,0.004992,0.208768,0.005216,0.004864,0.005504,0.210816,0.005216
829,1097.53,0.911133,0.453888,0.006016,0.211072,0.00544,0.0048,0.00592,0.214592,0.006048
830,958.129,1.0437,0.456736,0.006144,0.224288,0.004928,0.004256,0.006176,0.204768,0.006176
831,825.474,1.21143,0.742656,0.007968,0.493024,0.005056,0.00608,0.005504,0.21888,0.006144
832,942.91,1.06055,0.718336,0.005792,0.47392,0.006112,0.005728,0.004512,0.216224,0.006048
833,1121.73,0.891479,0.460256,0.00576,0.2152,0.004544,0.00528,0.00496,0.218496,0.006016
834,1176,0.850342,0.45856,0.005824,0.215808,0.005824,0.004416,0.00592,0.214752,0.006016
835,1165.96,0.857666,0.442432,0.005792,0.212992,0.004512,0.005184,0.005056,0.202752,0.006144
836,1117.45,0.894897,0.444416,0.006048,0.215136,0.005568,0.004672,0.005632,0.201216,0.006144
837,1189.31,0.84082,0.438272,0.006144,0.214528,0.004608,0.005216,0.005024,0.196608,0.006144
838,1184.33,0.84436,0.440736,0.004992,0.214944,0.005824,0.004416,0.00592,0.198784,0.005856
839,499.208,2.00317,0.804544,0.007872,0.258848,0.004096,0.00576,0.005536,0.516288,0.006144
840,1245.36,0.802979,0.4808,0.006144,0.239136,0.004576,0.005248,0.004992,0.214688,0.006016
841,1131.96,0.883423,0.45472,0.005824,0.22112,0.004544,0.00528,0.00496,0.207904,0.005088
842,1246.31,0.802368,0.452608,0.006144,0.217088,0.005856,0.005472,0.005056,0.206848,0.006144
843,1134.47,0.88147,0.441568,0.006144,0.21504,0.00544,0.0048,0.005568,0.198528,0.006048
844,1188.28,0.841553,0.44864,0.006176,0.2208,0.004448,0.005376,0.005952,0.200672,0.005216
845,1081.59,0.924561,0.454688,0.006144,0.218176,0.00496,0.004192,0.006144,0.208896,0.006176
846,535.635,1.86694,0.723104,0.02544,0.470208,0.004928,0.006144,0.006144,0.204256,0.005984
847,1059.49,0.943848,0.461824,0.005824,0.213024,0.004384,0.023872,0.0048,0.203808,0.006112
848,1255.29,0.796631,0.459936,0.006144,0.219136,0.004096,0.005824,0.005504,0.213248,0.005984
849,1255.48,0.796509,0.46064,0.006144,0.216512,0.004672,0.00512,0.00512,0.217088,0.005984
850,450.754,2.21851,0.482336,0.005856,0.247136,0.00496,0.004192,0.006144,0.206848,0.0072
851,596.737,1.67578,0.800768,0.00816,0.335904,0.007936,0.004352,0.006016,0.432256,0.006144
852,949.247,1.05347,0.46112,0.004832,0.223104,0.004224,0.005632,0.004608,0.212672,0.006048
853,1190.01,0.840332,0.476928,0.00496,0.233152,0.004224,0.005568,0.004672,0.218272,0.00608
854,783.324,1.27661,0.483776,0.005792,0.231936,0.004384,0.00544,0.004832,0.225248,0.006144
855,1352.48,0.73938,0.48128,0.005952,0.241856,0.004192,0.005792,0.005472,0.211872,0.006144
856,1002.69,0.997314,0.471872,0.004864,0.239552,0.004096,0.005856,0.005472,0.206816,0.005216
857,1128.84,0.885864,0.493472,0.006144,0.258048,0.00576,0.00448,0.005888,0.207104,0.006048
858,625.63,1.59839,0.74192,0.007072,0.503744,0.005568,0.004736,0.006176,0.208576,0.006048
859,1164.79,0.858521,0.464896,0.005856,0.230976,0.004832,0.004096,0.006144,0.206848,0.006144
860,1054.45,0.948364,0.465376,0.005824,0.234272,0.00544,0.0048,0.005536,0.20336,0.006144
861,1042.11,0.959595,0.463456,0.005792,0.224192,0.005408,0.004832,0.005568,0.211552,0.006112
862,826.64,1.20972,0.47984,0.005824,0.237728,0.004672,0.005152,0.005088,0.21616,0.005216
863,1081.31,0.924805,0.52224,0.006144,0.280608,0.005344,0.004864,0.005536,0.213632,0.006112
864,740.62,1.35022,0.7896,0.008192,0.514048,0.005888,0.005568,0.004928,0.244928,0.006048
865,1014.87,0.985352,0.466944,0.006144,0.226368,0.004928,0.004224,0.006144,0.212992,0.006144
866,1078.89,0.92688,0.516096,0.006144,0.284672,0.004096,0.006144,0.005696,0.2032,0.006144
867,992.368,1.00769,0.4648,0.004736,0.226848,0.004512,0.005312,0.004928,0.212416,0.006048
868,1313.03,0.761597,0.45552,0.004992,0.217056,0.00592,0.00432,0.005856,0.211232,0.006144
869,1039.07,0.962402,0.46288,0.006144,0.226432,0.004928,0.00416,0.006144,0.208896,0.006176
870,1207.37,0.828247,0.455456,0.004992,0.21696,0.005856,0.004384,0.005952,0.211136,0.006176
871,507.465,1.97058,0.718848,0.008192,0.479232,0.006144,0.00576,0.00448,0.208896,0.006144
872,1160.18,0.861938,0.456288,0.005824,0.215104,0.004384,0.00544,0.0048,0.214688,0.006048
873,1147.5,0.87146,0.460352,0.006144,0.214048,0.005088,0.005312,0.004928,0.218784,0.006048
874,1158.37,0.863281,0.44992,0.005792,0.211008,0.004448,0.005376,0.004864,0.212128,0.006304
875,1216.69,0.821899,0.447904,0.005856,0.211232,0.005792,0.004448,0.00592,0.208608,0.006048
876,706.024,1.41638,0.47296,0.005824,0.230176,0.005984,0.005568,0.004832,0.214496,0.00608
877,960.375,1.04126,0.923488,0.005792,0.67968,0.005088,0.00608,0.005472,0.215296,0.00608
878,820.102,1.21936,0.458688,0.005792,0.219296,0.004928,0.004096,0.006144,0.212384,0.006048
879,1027.21,0.973511,0.4608,0.006144,0.218304,0.004928,0.004096,0.006144,0.21504,0.006144
880,1261.67,0.792603,0.45072,0.006176,0.215008,0.005152,0.004864,0.005472,0.208832,0.005216
881,1091.25,0.916382,0.476,0.004992,0.230464,0.004928,0.004224,0.006144,0.219136,0.006112
882,1304.87,0.766357,0.458848,0.005792,0.217216,0.004896,0.004128,0.006144,0.214656,0.006016
883,1097.39,0.911255,0.493536,0.006144,0.253472,0.004576,0.005216,0.005024,0.212992,0.006112
884,1047.57,0.95459,0.708096,0.006048,0.458848,0.007232,0.005056,0.017504,0.20736,0.006048
885,625.153,1.59961,0.720896,0.02976,0.447424,0.005696,0.0056,0.005088,0.221184,0.006144
886,1143.02,0.874878,0.461504,0.005824,0.219968,0.004288,0.005504,0.004768,0.215008,0.006144
887,1123.27,0.890259,0.458848,0.005824,0.217248,0.004672,0.005152,0.00512,0.214816,0.006016
888,1132.43,0.883057,0.458752,0.006144,0.214688,0.004448,0.005344,0.004896,0.217088,0.006144
889,1200.82,0.832764,0.446528,0.005792,0.213408,0.004096,0.005856,0.004416,0.206816,0.006144
890,765.321,1.30664,0.455712,0.006144,0.224704,0.004672,0.005152,0.005088,0.203936,0.006016
891,1306.96,0.765137,0.481824,0.005792,0.25072,0.005152,0.004896,0.005472,0.203616,0.006176
892,563.838,1.77356,0.468,0.007168,0.23488,0.004736,0.004096,0.006144,0.2048,0.006176
893,1264.39,0.790894,0.450656,0.00576,0.21552,0.005376,0.004864,0.005504,0.207488,0.006144
894,1163.47,0.859497,0.460896,0.005792,0.218112,0.005856,0.004384,0.0072,0.21344,0.006112
895,1143.97,0.874146,0.460864,0.006208,0.217088,0.005664,0.004576,0.005792,0.215424,0.006112
896,1084.17,0.922363,0.467488,0.005824,0.221952,0.004288,0.005536,0.004704,0.219136,0.006048
897,851.205,1.1748,0.491872,0.006496,0.245664,0.004224,0.0056,0.00464,0.219104,0.006144
898,949.247,1.05347,0.919552,0.006144,0.67584,0.006144,0.005984,0.00544,0.213856,0.006144
899,778.929,1.28381,0.462112,0.006144,0.221184,0.004096,0.005792,0.005504,0.213408,0.005984
900,1101.67,0.907715,0.458528,0.006176,0.217056,0.005728,0.004512,0.005856,0.213184,0.006016
901,1162.32,0.860352,0.456832,0.005824,0.21504,0.004512,0.005312,0.004928,0.21504,0.006176
902,1256.25,0.796021,0.454848,0.005792,0.215552,0.005408,0.004832,0.005504,0.211584,0.006176
903,587.704,1.70154,0.460832,0.006144,0.22096,0.00432,0.005472,0.006528,0.211232,0.006176
904,1517.32,0.659058,0.686912,0.004992,0.443616,0.006976,0.005728,0.00448,0.21504,0.00608
905,615.2,1.62549,0.73504,0.006144,0.493568,0.006144,0.00592,0.004416,0.2128,0.006048
906,1258.18,0.7948,0.460832,0.006112,0.215072,0.005696,0.004544,0.005856,0.217376,0.006176
907,1145.25,0.873169,0.453952,0.005792,0.2128,0.004704,0.00416,0.00608,0.214368,0.006048
908,1078.6,0.927124,0.457792,0.006144,0.21504,0.005632,0.004608,0.006144,0.214176,0.006048
909,1102.11,0.907349,0.460992,0.005792,0.212608,0.004928,0.004192,0.006144,0.221184,0.006144
910,1169.45,0.855103,0.462848,0.006144,0.223232,0.005536,0.004704,0.005664,0.211424,0.006144
911,744.863,1.34253,0.72496,0.008192,0.475168,0.005856,0.0056,0.004896,0.219136,0.006112
912,837.371,1.19421,0.732768,0.005888,0.479488,0.005888,0.0056,0.006112,0.222016,0.007776
913,1061.28,0.942261,0.453312,0.005792,0.21504,0.004928,0.004288,0.00592,0.211168,0.006176
914,1241.21,0.805664,0.452608,0.006144,0.212832,0.004256,0.005568,0.004704,0.21296,0.006144
915,1115.47,0.896484,0.455072,0.005824,0.209632,0.005632,0.004576,0.006144,0.21712,0.006144
916,1072.11,0.932739,0.479968,0.00496,0.241568,0.00528,0.004864,0.005472,0.211648,0.006176
917,941.068,1.06262,0.507072,0.006144,0.263872,0.004416,0.005408,0.004832,0.216416,0.005984
918,1043.3,0.958496,0.722112,0.006144,0.483328,0.00816,0.0056,0.004672,0.208128,0.00608
919,654.47,1.52795,0.466816,0.006016,0.221344,0.005344,0.004864,0.005504,0.217696,0.006048
920,1312.19,0.762085,0.491136,0.005856,0.239904,0.005152,0.004864,0.00608,0.2232,0.00608
921,1065.83,0.938232,0.485344,0.005792,0.237888,0.004128,0.005696,0.004576,0.221152,0.006112
922,1202.76,0.831421,0.464864,0.006144,0.217088,0.00528,0.004896,0.005504,0.21984,0.006112
923,1141.42,0.876099,0.460256,0.005792,0.211488,0.005376,0.0048,0.005504,0.221248,0.006048
924,803.216,1.245,0.485376,0.005984,0.232608,0.00496,0.004256,0.00608,0.224992,0.006496
925,680.229,1.47009,0.782336,0.008192,0.233344,0.004256,0.005568,0.004672,0.52016,0.006144
926,896.476,1.11548,0.46192,0.00512,0.210944,0.005248,0.004896,0.00544,0.22512,0.005152
927,1152.83,0.867432,0.479232,0.00592,0.215264,0.005216,0.004704,0.005472,0.236512,0.006144
928,1037.88,0.963501,0.470752,0.005824,0.224736,0.004928,0.004128,0.006144,0.218976,0.006016
929,1192.6,0.838501,0.460128,0.006144,0.216352,0.004832,0.004096,0.006176,0.21648,0.006048
930,1031.87,0.969116,0.464672,0.005792,0.225728,0.004096,0.005824,0.005472,0.211744,0.006016
931,1185.19,0.84375,0.999616,0.005792,0.49616,0.006336,0.005952,0.005952,0.219328,0.260096
932,717.401,1.39392,0.753664,0.006144,0.214624,0.004512,0.005312,0.006656,0.510304,0.006112
933,833.537,1.19971,0.462848,0.006176,0.214528,0.004576,0.005248,0.005024,0.221152,0.006144
934,1229.85,0.81311,0.464896,0.006144,0.212992,0.005824,0.004416,0.006144,0.223232,0.006144
935,1113.35,0.898193,0.459136,0.005792,0.209888,0.005472,0.004768,0.005568,0.221568,0.00608
936,1179.21,0.848022,0.456512,0.006144,0.210976,0.005088,0.004896,0.005472,0.217888,0.006048
937,726.628,1.37622,0.4608,0.006176,0.218112,0.004896,0.004288,0.006112,0.215072,0.006144
938,976.4,1.02417,0.921632,0.006144,0.677888,0.005952,0.0056,0.004832,0.215072,0.006144
939,784.374,1.2749,0.712064,0.006144,0.474336,0.004896,0.006144,0.005632,0.208864,0.006048
940,1211.12,0.825684,0.446784,0.005792,0.211616,0.005216,0.004864,0.00528,0.207872,0.006144
941,1185.53,0.843506,0.446496,0.006144,0.208064,0.004928,0.005408,0.004832,0.210944,0.006176
942,1115.47,0.896484,0.444576,0.006144,0.207872,0.00496,0.004256,0.006144,0.209984,0.005216
943,1166.29,0.857422,0.4584,0.006144,0.217088,0.005632,0.004608,0.005696,0.213184,0.006048
944,1142.06,0.87561,0.469504,0.005824,0.223872,0.004288,0.005504,0.004736,0.219136,0.006144
945,1118.82,0.893799,0.451872,0.006048,0.212928,0.004256,0.005568,0.004704,0.212384,0.005984
946,809.406,1.23547,0.7112,0.007776,0.21312,0.004928,0.004096,0.006144,0.468992,0.006144
947,855.115,1.16943,0.451488,0.00496,0.212992,0.004064,0.005888,0.00544,0.212928,0.005216
948,1251.07,0.799316,0.45536,0.0048,0.212448,0.00464,0.005152,0.005088,0.217088,0.006144
949,1092.41,0.915405,0.451776,0.006144,0.210688,0.004352,0.00528,0.00496,0.214304,0.006048
950,919.623,1.0874,0.450592,0.006176,0.211936,0.00496,0.004256,0.00608,0.211008,0.006176
951,1507.27,0.663452,0.451904,0.006048,0.213088,0.005376,0.004864,0.006144,0.210336,0.006048
952,1231.32,0.812134,0.728416,0.005792,0.47984,0.00736,0.00496,0.006112,0.218336,0.006016
953,724.059,1.3811,0.456736,0.006144,0.214848,0.004288,0.005536,0.004704,0.21504,0.006176
954,929.43,1.07593,0.449472,0.005024,0.212992,0.005888,0.004352,0.006048,0.208992,0.006176
955,1117.6,0.894775,0.452064,0.005824,0.210272,0.004736,0.004448,0.00592,0.214784,0.00608
956,1313.45,0.761353,0.456704,0.006144,0.21504,0.005472,0.004768,0.0056,0.213536,0.006144
957,1148.63,0.870605,0.444416,0.006144,0.210944,0.004096,0.005824,0.004416,0.206848,0.006144
958,1197.66,0.834961,0.452608,0.006144,0.214816,0.00432,0.005504,0.006464,0.209056,0.006304
959,1062.65,0.94104,0.455296,0.005824,0.2192,0.004928,0.00416,0.006144,0.208896,0.006144
960,672.633,1.48669,0.468224,0.008192,0.222528,0.0048,0.004096,0.006144,0.216384,0.00608
961,937.729,1.06641,0.456704,0.005856,0.221184,0.004384,0.00544,0.004832,0.208864,0.006144
962,1132.9,0.88269,0.465504,0.005824,0.218016,0.005984,0.004256,0.005856,0.219424,0.006144
963,1209.33,0.826904,0.459488,0.004992,0.21472,0.004256,0.005568,0.004672,0.219136,0.006144
964,1059.49,0.943848,0.458816,0.005792,0.216672,0.004896,0.004096,0.006144,0.21504,0.006176
965,1191.22,0.839478,0.453664,0.00512,0.212992,0.004096,0.005792,0.005472,0.214016,0.006176
966,1145.41,0.873047,0.461024,0.005824,0.214688,0.00496,0.004128,0.006144,0.22032,0.00496
967,651.555,1.53479,0.475264,0.007904,0.231744,0.005408,0.004832,0.005568,0.214592,0.005216
968,998.659,1.00134,0.46064,0.005824,0.221248,0.004928,0.004128,0.006048,0.21248,0.005984
969,1059.08,0.944214,0.454656,0.00608,0.211008,0.005664,0.004576,0.005792,0.215392,0.006144
970,1101.22,0.908081,0.491936,0.005824,0.26288,0.005536,0.004704,0.005632,0.201248,0.006112
971,1155.27,0.865601,0.477184,0.006112,0.237024,0.004672,0.005184,0.005056,0.212992,0.006144
972,1044.5,0.957397,0.467296,0.005856,0.21888,0.004832,0.004384,0.006144,0.221152,0.006048
973,1230.03,0.812988,0.456992,0.00512,0.21504,0.004096,0.005792,0.005472,0.21536,0.006112
974,461.313,2.16772,0.844096,0.00704,0.370688,0.005632,0.004608,0.005728,0.444288,0.006112
975,1331.38,0.751099,0.453632,0.006144,0.219168,0.005472,0.004736,0.0056,0.206464,0.006048
976,1133.68,0.88208,0.44688,0.005824,0.21168,0.004096,0.005856,0.005504,0.207776,0.006144
977,1233.36,0.810791,0.459872,0.00608,0.216384,0.004864,0.004096,0.006144,0.216288,0.006016
978,1090.23,0.917236,0.450752,0.005824,0.215552,0.00576,0.00448,0.005888,0.207104,0.006144
979,1176.34,0.850098,0.45968,0.006464,0.215648,0.005888,0.004352,0.005856,0.215328,0.006144
980,1076.9,0.928589,0.69232,0.006144,0.444416,0.007584,0.004704,0.006144,0.217088,0.00624
981,739.484,1.35229,0.774176,0.006144,0.221184,0.005856,0.004384,0.006016,0.524416,0.006176
982,897.655,1.11401,0.470432,0.005824,0.227936,0.00544,0.004768,0.005568,0.21488,0.006016
983,1117.9,0.894531,0.45936,0.005792,0.218048,0.004096,0.005728,0.004512,0.21504,0.006144
984,1253.17,0.797974,0.456576,0.005824,0.217216,0.004608,0.004096,0.006144,0.212672,0.006016
985,980.608,1.01978,0.456064,0.005824,0.210944,0.004544,0.00528,0.006496,0.216928,0.006048
986,1271.06,0.786743,0.458784,0.006112,0.213056,0.005216,0.004864,0.006112,0.21728,0.006144
987,1156.08,0.86499,0.948224,0.006144,0.44032,0.007424,0.004864,0.006144,0.22448,0.258848
988,749.428,1.33435,0.708608,0.006144,0.214176,0.00496,0.004096,0.006144,0.466944,0.006144
989,871.675,1.14722,0.464896,0.006048,0.214368,0.004864,0.004096,0.006144,0.223232,0.006144
990,630.93,1.58496,0.981312,0.005856,0.73168,0.004512,0.00528,0.00496,0.222944,0.00608
991,1461.03,0.684448,0.472992,0.004928,0.22528,0.005696,0.004544,0.005824,0.220704,0.006016
992,1143.5,0.874512,0.46432,0.006144,0.216544,0.00464,0.004096,0.006144,0.220672,0.00608
993,1074.36,0.930786,0.475008,0.005888,0.229664,0.005792,0.004416,0.005952,0.21728,0.006016
994,692.535,1.44397,0.473216,0.006944,0.224448,0.004928,0.004096,0.006144,0.220608,0.006048
995,995.383,1.00464,0.471104,0.005824,0.21728,0.004352,0.005504,0.004736,0.227328,0.00608
996,1041.31,0.960327,0.466944,0.006144,0.216576,0.004608,0.005216,0.005024,0.223232,0.006144
997,1208.79,0.827271,0.458848,0.005824,0.21344,0.006112,0.005824,0.005472,0.216032,0.006144
998,1143.97,0.874146,0.449856,0.005792,0.208896,0.004608,0.005184,0.005088,0.21424,0.006048
999,1150.4,0.869263,0.475168,0.006176,0.227296,0.005632,0.004608,0.005728,0.219552,0.006176
1000,1082.74,0.923584,0.47104,0.005856,0.223488,0.004128,0.005696,0.004544,0.221184,0.006144
1001,859.331,1.1637,0.929728,0.005856,0.68448,0.006048,0.0056,0.004768,0.216928,0.006048
1002,765.464,1.3064,0.70864,0.01808,0.446848,0.006144,0.005696,0.004576,0.221152,0.006144
1003,1147.34,0.871582,0.462592,0.00576,0.212576,0.004928,0.004256,0.006144,0.222816,0.006112
1004,1183.47,0.844971,0.457088,0.005824,0.211648,0.005344,0.004896,0.00608,0.217152,0.006144
1005,973.268,1.02747,0.48336,0.00576,0.238368,0.00416,0.005696,0.004576,0.218752,0.006048
1006,1219.23,0.82019,0.459168,0.005824,0.21168,0.005248,0.004864,0.00544,0.219968,0.006144
1007,1180.4,0.847168,0.467872,0.005024,0.222528,0.0048,0.004096,0.006176,0.219104,0.006144
1008,771.302,1.29651,0.718976,0.007136,0.47104,0.005856,0.0056,0.004928,0.2184,0.006016
1009,826.89,1.20935,0.731776,0.00608,0.484032,0.006144,0.004128,0.006144,0.219104,0.006144
1010,1149.11,0.870239,0.462848,0.006144,0.216384,0.0048,0.005632,0.004608,0.219136,0.006144
1011,1165.62,0.85791,0.462528,0.006016,0.216928,0.004384,0.00544,0.004832,0.21888,0.006048
1012,1087.05,0.919922,0.464064,0.00592,0.215264,0.005216,0.004896,0.006272,0.220448,0.006048
1013,1238.21,0.807617,0.455968,0.005824,0.213344,0.005408,0.004832,0.006144,0.214368,0.006048
1014,1086.47,0.92041,0.458624,0.004928,0.21504,0.005568,0.004672,0.00592,0.216512,0.005984
1015,750.114,1.33313,0.719168,0.007936,0.470624,0.005088,0.006048,0.005472,0.217856,0.006144
1016,1190.7,0.839844,0.674752,0.005056,0.425344,0.004736,0.005152,0.00512,0.2232,0.006144
1017,903.496,1.10681,0.460064,0.005952,0.211136,0.005888,0.004352,0.006048,0.220672,0.006016
1018,1209.69,0.82666,0.463264,0.005088,0.210048,0.004928,0.00416,0.006144,0.226912,0.005984
1019,1048.78,0.953491,0.478816,0.006144,0.20864,0.022816,0.004064,0.006144,0.224992,0.006016
1020,626.971,1.59497,0.468416,0.005824,0.215392,0.005248,0.004992,0.006144,0.223232,0.007584
1021,474.184,2.10889,0.476512,0.008192,0.22528,0.005728,0.004512,0.006144,0.220576,0.00608
1022,907.801,1.10156,0.463328,0.005792,0.213472,0.004448,0.005344,0.004928,0.2232,0.006144
1023,1179.89,0.847534,0.469152,0.005792,0.216704,0.004896,0.004192,0.006144,0.22528,0.006144
1024,1097.83,0.910889,0.466272,0.005824,0.210752,0.004896,0.004096,0.006144,0.227392,0.007168
1025,1140.63,0.876709,0.461984,0.006144,0.214688,0.004448,0.005344,0.004928,0.220352,0.00608
1026,1011.61,0.988525,0.45056,0.006144,0.212992,0.005568,0.004672,0.005696,0.209344,0.006144
1027,1165.29,0.858154,0.473248,0.00576,0.229216,0.0048,0.004096,0.006144,0.217088,0.006144
1028,683.008,1.46411,0.733184,0.008192,0.234688,0.004896,0.004128,0.006144,0.468992,0.006144
1029,902.7,1.10779,0.464224,0.006144,0.22224,0.004928,0.004256,0.006112,0.2144,0.006144
1030,989.85,1.01025,0.455072,0.005824,0.217248,0.004672,0.005152,0.00512,0.210912,0.006144
1031,1311.77,0.762329,0.457952,0.00608,0.211168,0.005888,0.004352,0.005984,0.218432,0.006048
1032,1140.47,0.876831,0.452608,0.006144,0.21088,0.00416,0.005664,0.004576,0.21504,0.006144
1033,1207.55,0.828125,0.477184,0.00608,0.221248,0.005632,0.004608,0.005728,0.227744,0.006144
1034,877.37,1.13977,0.74976,0.005728,0.221568,0.004576,0.004096,0.006144,0.225216,0.282432
1035,785.427,1.27319,0.786592,0.007904,0.2432,0.00496,0.004192,0.006144,0.514048,0.006144
1036,909.717,1.09924,0.464896,0.006144,0.216288,0.004896,0.004096,0.006144,0.221184,0.006144
1037,1105.38,0.904663,0.464928,0.00576,0.215104,0.004416,0.005408,0.004832,0.223232,0.006176
1038,1017.77,0.982544,0.46224,0.006144,0.212992,0.00592,0.00432,0.006048,0.219232,0.007584
1039,1431.17,0.69873,0.458848,0.005792,0.21088,0.004512,0.005312,0.004928,0.222208,0.005216
1040,1083.74,0.922729,0.454976,0.005792,0.213568,0.005312,0.004864,0.005472,0.213792,0.006176
1041,1176.5,0.849976,0.463072,0.005792,0.222816,0.00496,0.004224,0.006112,0.213152,0.006016
1042,786.03,1.27222,0.461952,0.008192,0.218176,0.004928,0.004224,0.006144,0.214304,0.005984
1043,936.229,1.06812,0.454752,0.005824,0.217664,0.00592,0.00432,0.005888,0.209088,0.006048
1044,1159.03,0.862793,0.456032,0.005824,0.21248,0.004928,0.004192,0.006144,0.216416,0.006048
1045,1234.11,0.810303,0.459776,0.00512,0.21504,0.005344,0.004896,0.00528,0.217952,0.006144
1046,1129.62,0.885254,0.450592,0.005792,0.213376,0.005472,0.004768,0.0056,0.20944,0.006144
1047,1177.69,0.849121,0.4584,0.00576,0.217184,0.004576,0.005248,0.004992,0.214656,0.005984
1048,1102.26,0.907227,0.462848,0.00592,0.218816,0.00464,0.00576,0.006112,0.215456,0.006144
1049,691.658,1.4458,0.477376,0.007936,0.222016,0.005152,0.004864,0.005472,0.225952,0.005984
1050,957.793,1.04407,0.464896,0.006144,0.220928,0.004352,0.005248,0.004992,0.217088,0.006144
1051,898.837,1.11255,0.493568,0.005984,0.24992,0.004192,0.005664,0.004608,0.217056,0.006144
1052,1359.89,0.735352,0.478976,0.006144,0.233472,0.005696,0.004544,0.005824,0.217312,0.005984
1053,1102.11,0.907349,0.469696,0.004992,0.231104,0.004384,0.005248,0.004992,0.212928,0.006048
1054,783.399,1.27649,0.47056,0.005792,0.227872,0.005664,0.004576,0.005792,0.214816,0.006048
1055,1535.52,0.651245,0.464064,0.006144,0.22224,0.00496,0.004224,0.00608,0.214368,0.006048
1056,972.806,1.02795,0.735232,0.006144,0.486784,0.006816,0.005888,0.005472,0.217984,0.006144
1057,624.343,1.60168,0.472864,0.005952,0.229568,0.005344,0.004864,0.00544,0.215712,0.005984
1058,1149.75,0.869751,0.464896,0.005856,0.21952,0.004096,0.005792,0.005504,0.21808,0.006048
1059,1173.13,0.852417,0.456768,0.005056,0.212992,0.005312,0.004864,0.00624,0.216256,0.006048
1060,1112.74,0.898682,0.466944,0.00608,0.220288,0.00496,0.004192,0.006144,0.219136,0.006144
1061,607.265,1.64673,0.491808,0.005824,0.23824,0.005344,0.004864,0.005504,0.225888,0.006144
1062,837.285,1.19434,0.96048,0.005792,0.714496,0.005024,0.006144,0.005472,0.217472,0.00608
1063,797.43,1.25403,0.49152,0.006144,0.251904,0.005248,0.004864,0.005472,0.211744,0.006144
1064,951.894,1.05054,0.505856,0.006048,0.257472,0.004768,0.004096,0.006144,0.221184,0.006144
1065,1216.51,0.822021,0.466944,0.006144,0.2232,0.004128,0.005696,0.004544,0.217088,0.006144
1066,1246.12,0.80249,0.464832,0.006144,0.22528,0.00576,0.00448,0.005888,0.2112,0.00608
1067,1125.27,0.888672,0.466976,0.006144,0.223232,0.006144,0.005184,0.005056,0.21504,0.006176
1068,1062.65,0.94104,0.485376,0.006144,0.236544,0.004928,0.004288,0.006144,0.221184,0.006144
1069,643.115,1.55493,0.778304,0.007936,0.231104,0.004864,0.004096,0.006144,0.518144,0.006016
1070,893.348,1.11938,0.460384,0.006144,0.212992,0.00544,0.0048,0.006144,0.218784,0.00608
1071,1157.06,0.864258,0.451904,0.005824,0.211392,0.006144,0.004096,0.005984,0.212416,0.006048
1072,1201.88,0.832031,0.452,0.00592,0.214976,0.004384,0.00544,0.0048,0.210432,0.006048
1073,967.407,1.03369,0.456768,0.00512,0.219136,0.005792,0.004448,0.005664,0.210624,0.005984
1074,794.491,1.25867,0.461216,0.005824,0.219872,0.004096,0.005792,0.005504,0.213984,0.006144
1075,956.562,1.04541,0.925536,0.005792,0.680672,0.006144,0.00592,0.005472,0.215424,0.006112
1076,974.89,1.02576,0.717376,0.004992,0.237568,0.005152,0.004864,0.005568,0.453152,0.00608
1077,817.646,1.22302,0.472608,0.006016,0.222912,0.004544,0.00528,0.004992,0.222784,0.00608
1078,1330.52,0.751587,0.472672,0.005824,0.221152,0.004864,0.004096,0.007392,0.22192,0.007424
1079,1170.45,0.85437,0.4464,0.005856,0.21136,0.004192,0.005632,0.00464,0.208672,0.006048
1080,1249.16,0.800537,0.461504,0.0048,0.212992,0.005664,0.004576,0.00576,0.221568,0.006144
1081,994.175,1.00586,0.472608,0.00576,0.22384,0.00432,0.005504,0.004768,0.2224,0.006016
1082,1182.45,0.845703,0.476032,0.005088,0.228544,0.004896,0.004096,0.006144,0.221184,0.00608
1083,655.99,1.52441,0.684128,0.008192,0.43008,0.006016,0.004224,0.006144,0.224288,0.005184
1084,990.928,1.00916,0.461248,0.005824,0.215296,0.004608,0.005216,0.005024,0.219136,0.006144
1085,1122.04,0.891235,0.473312,0.005792,0.217568,0.005664,0.004576,0.00576,0.2288,0.005152
1086,1132.12,0.883301,0.468992,0.005856,0.217376,0.0056,0.00464,0.0056,0.22288,0.00704
1087,1137.94,0.878784,0.471104,0.006144,0.213024,0.005504,0.004704,0.005632,0.230048,0.006048
1088,883.997,1.13123,0.485664,0.006464,0.235936,0.004096,0.006048,0.005472,0.221664,0.005984
1089,1127.6,0.886841,0.950112,0.006144,0.438208,0.006304,0.006048,0.005792,0.481504,0.006112
1090,680.229,1.47009,0.742624,0.005824,0.489888,0.006144,0.00544,0.0048,0.2248,0.005728
1091,1109.13,0.901611,0.466944,0.006048,0.212896,0.004288,0.005536,0.004704,0.227328,0.006144
1092,1144.13,0.874023,0.469952,0.006112,0.217312,0.004864,0.004096,0.006144,0.224256,0.007168
1093,1012.11,0.988037,0.454848,0.005792,0.213984,0.005728,0.004512,0.00592,0.212896,0.006016
1094,1331.6,0.750977,0.458208,0.00608,0.217152,0.005888,0.004352,0.005792,0.212864,0.00608
1095,1134.78,0.881226,0.458752,0.005824,0.213312,0.005344,0.004896,0.00544,0.217824,0.006112
1096,901.706,1.10901,0.92256,0.005056,0.681472,0.004608,0.006144,0.005888,0.213248,0.006144
1097,915.614,1.09216,0.74752,0.005984,0.279968,0.004864,0.005472,0.00608,0.439008,0.006144
1098,869.731,1.14978,0.457408,0.00496,0.21488,0.004096,0.005728,0.004512,0.217088,0.006144
1099,1147.82,0.871216,0.448512,0.006144,0.212384,0.004704,0.004192,0.007648,0.207296,0.006144
1100,1235.41,0.809448,0.456608,0.005824,0.216,0.004096,0.005792,0.005472,0.213408,0.006016
1101,1108.23,0.902344,0.453376,0.004864,0.215072,0.005728,0.00448,0.005888,0.212352,0.004992
1102,1122.19,0.891113,0.454784,0.00592,0.213216,0.00592,0.00432,0.005824,0.214368,0.005216
1103,1124.35,0.889404,0.462848,0.006144,0.21472,0.004416,0.005408,0.004832,0.221184,0.006144
1104,652.022,1.53369,0.718848,0.008192,0.472096,0.005024,0.004192,0.006112,0.217088,0.006144
1105,973.615,1.0271,0.458016,0.006016,0.214496,0.004768,0.004096,0.006144,0.216128,0.006368
1106,1110.63,0.900391,0.462432,0.006144,0.21504,0.004128,0.005856,0.0064,0.218816,0.006048
1107,1245.93,0.802612,0.454752,0.005856,0.214944,0.00448,0.005344,0.004896,0.214048,0.005184
1108,1076.2,0.929199,0.471616,0.005088,0.212992,0.004096,0.005856,0.005504,0.232032,0.006048
1109,1147.02,0.871826,0.458848,0.00576,0.2176,0.005312,0.004896,0.005504,0.213632,0.006144
1110,1101.22,0.908081,0.462784,0.006176,0.220864,0.004384,0.00544,0.004832,0.215008,0.00608
1111,725.726,1.37793,0.763904,0.008192,0.22528,0.00544,0.0048,0.006144,0.507904,0.006144
1112,956.898,1.04504,0.454656,0.006144,0.219168,0.00576,0.004448,0.005952,0.20704,0.006144
1113,1074.64,0.930542,0.456704,0.006144,0.217088,0.004096,0.005792,0.006144,0.211296,0.006144
1114,986.156,1.01404,0.473056,0.005824,0.22832,0.004096,0.005728,0.004512,0.21856,0.006016
1115,1367.61,0.731201,0.462848,0.005888,0.2208,0.004736,0.004096,0.006144,0.21504,0.006144
1116,1012.36,0.987793,0.456736,0.005856,0.217376,0.005536,0.004704,0.005664,0.211424,0.006176
1117,1178.54,0.848511,0.691168,0.005088,0.442368,0.007616,0.004672,0.006144,0.219136,0.006144
1118,708.528,1.41138,0.770048,0.006144,0.217088,0.00592,0.00432,0.006016,0.524416,0.006144
1119,953.778,1.04846,0.46432,0.00592,0.21936,0.005696,0.004544,0.006144,0.216608,0.006048
1120,1124.5,0.889282,0.464896,0.006144,0.21504,0.00576,0.005568,0.005056,0.221184,0.006144
1121,1155.59,0.865356,0.459712,0.005056,0.219136,0.00528,0.004896,0.005472,0.21376,0.006112
1122,1140.31,0.876953,0.466144,0.006144,0.219136,0.005536,0.004704,0.005664,0.218944,0.006016
1123,1144.93,0.873413,0.468992,0.005856,0.223104,0.004512,0.00544,0.0048,0.219136,0.006144
1124,1054.18,0.948608,0.950272,0.005952,0.439744,0.006944,0.00576,0.005504,0.225504,0.260864
1125,663.804,1.50647,0.753504,0.005792,0.217792,0.005568,0.004672,0.005632,0.507936,0.006112
1126,1059.9,0.943481,0.463552,0.005824,0.220096,0.004096,0.005824,0.005472,0.216032,0.006208
1127,1114.41,0.897339,0.460448,0.006144,0.212992,0.005248,0.004864,0.00544,0.219776,0.005984
1128,1195.74,0.836304,0.46656,0.005952,0.21728,0.004096,0.005824,0.005504,0.22192,0.005984
1129,939.45,1.06445,0.459776,0.006144,0.216128,0.00496,0.004192,0.006112,0.216256,0.005984
1130,822.986,1.21509,0.50272,0.005056,0.238976,0.004736,0.004096,0.006144,0.237568,0.006144
1131,935.373,1.06909,0.92464,0.00512,0.679904,0.006144,0.006016,0.005472,0.21584,0.006144
1132,834.216,1.19873,0.73248,0.006144,0.480928,0.0056,0.005024,0.006112,0.221184,0.007488
1133,1078.46,0.927246,0.463392,0.005824,0.211968,0.005632,0.004608,0.006144,0.223168,0.006048
1134,1146.22,0.872437,0.472384,0.005792,0.217664,0.005632,0.004608,0.006144,0.22656,0.005984
1135,1112.29,0.899048,0.457536,0.00496,0.212608,0.004448,0.005376,0.004864,0.219136,0.006144
1136,1175.49,0.850708,0.47472,0.006176,0.230528,0.004928,0.004128,0.006144,0.2168,0.006016
1137,993.21,1.00684,0.456864,0.005792,0.21552,0.004128,0.005792,0.00448,0.215008,0.006144
1138,1368.07,0.730957,0.739392,0.006144,0.497664,0.00784,0.0056,0.005024,0.210912,0.006208
1139,601.292,1.66309,0.714336,0.005824,0.473696,0.005568,0.004864,0.006144,0.212224,0.006016
1140,1267.13,0.789185,0.456224,0.006144,0.21504,0.005408,0.004832,0.005568,0.213184,0.006048
1141,1138.89,0.878052,0.466944,0.006144,0.213024,0.005888,0.00432,0.006016,0.225408,0.006144
1142,1126.51,0.887695,0.456704,0.006048,0.21472,0.004512,0.005344,0.004896,0.21504,0.006144
1143,1112.14,0.89917,0.458144,0.005888,0.21264,0.004704,0.005152,0.005088,0.218656,0.006016
1144,1188.28,0.841553,0.46128,0.005792,0.21552,0.00432,0.005536,0.004704,0.220192,0.005216
1145,722.781,1.38354,0.937824,0.00592,0.682208,0.006112,0.0056,0.004672,0.22672,0.006592
1146,983.906,1.01636,0.730528,0.006144,0.253952,0.005184,0.004864,0.005472,0.215808,0.239104
1147,995.504,1.00452,0.456224,0.006144,0.21712,0.005184,0.004896,0.006272,0.21056,0.006048
1148,1187.94,0.841797,0.466944,0.006176,0.2184,0.0048,0.004096,0.006144,0.221184,0.006144
1149,1118.67,0.893921,0.460064,0.005792,0.216768,0.004928,0.00416,0.006048,0.216256,0.006112
1150,1186.73,0.842651,0.46288,0.00592,0.217312,0.004096,0.005856,0.005504,0.218016,0.006176
1151,1077.75,0.927856,0.463552,0.005888,0.216064,0.005888,0.00432,0.006048,0.219232,0.006112
1152,1074.92,0.930298,0.681664,0.005792,0.43472,0.007456,0.004832,0.006144,0.216736,0.005984
1153,795.031,1.25781,0.716512,0.005984,0.220448,0.00496,0.004128,0.006144,0.468352,0.006496
1154,857.801,1.16577,0.460288,0.005856,0.217376,0.005472,0.004768,0.005472,0.2152,0.006144
1155,1142.86,0.875,0.460864,0.005792,0.215872,0.005472,0.004768,0.006144,0.216768,0.006048
1156,1165.96,0.857666,0.457952,0.006048,0.215136,0.005408,0.004832,0.005536,0.214912,0.00608
1157,1163.47,0.859497,0.471072,0.005984,0.217248,0.00576,0.00448,0.005888,0.225536,0.006176
1158,1104.34,0.905518,0.467584,0.004992,0.221024,0.004096,0.005728,0.004512,0.221184,0.006048
1159,1143.81,0.874268,0.464896,0.005952,0.223392,0.004128,0.005504,0.004736,0.21504,0.006144
1160,751.008,1.33154,0.548864,0.008,0.256064,0.004224,0.0056,0.00464,0.240736,0.0296
1161,847.507,1.17993,0.473344,0.00608,0.22128,0.005728,0.00448,0.005856,0.22352,0.0064
1162,890.725,1.12268,0.475008,0.006176,0.229344,0.005152,0.004896,0.005472,0.21792,0.006048
1163,1510.05,0.662231,0.466624,0.005792,0.218048,0.005312,0.004896,0.005472,0.221056,0.006048
1164,1071.97,0.932861,0.469664,0.00496,0.22112,0.005696,0.004544,0.005856,0.221472,0.006016
1165,1233.92,0.810425,0.474432,0.006112,0.217152,0.005664,0.004544,0.00576,0.227712,0.007488
1166,1081.31,0.924805,0.479232,0.006144,0.22448,0.004896,0.005472,0.0048,0.227296,0.006144
1167,605.783,1.65076,0.498176,0.007872,0.256864,0.005408,0.0048,0.005568,0.21152,0.006144
1168,1030.31,0.970581,0.466144,0.005952,0.218496,0.004928,0.004096,0.006144,0.22048,0.006048
1169,1127.91,0.886597,0.456768,0.00496,0.212928,0.005824,0.004416,0.005792,0.2168,0.006048
1170,1152.18,0.86792,0.468448,0.006016,0.219072,0.004288,0.005536,0.004704,0.222816,0.006016
1171,1028.24,0.972534,0.492608,0.006144,0.239328,0.004384,0.00544,0.006048,0.22528,0.005984
1172,1228.55,0.813965,0.465696,0.005024,0.220864,0.004384,0.005408,0.004864,0.219072,0.00608
1173,1008.49,0.991577,0.945984,0.005824,0.440672,0.00768,0.004608,0.006144,0.220384,0.260672
1174,755.929,1.32288,0.800768,0.00608,0.327072,0.004736,0.004128,0.006048,0.44656,0.006144
1175,894.128,1.11841,0.481472,0.005824,0.22784,0.005344,0.004864,0.005632,0.225824,0.006144
1176,1101.96,0.907471,0.465184,0.004992,0.218944,0.005472,0.004768,0.006016,0.2184,0.006592
1177,754.467,1.32544,0.490176,0.005824,0.226144,0.004224,0.004064,0.006016,0.237696,0.006208
1178,1385.19,0.721924,0.463392,0.006048,0.223872,0.005408,0.004832,0.005568,0.21152,0.006144
1179,1251.64,0.79895,0.471072,0.006048,0.231392,0.004224,0.005568,0.004704,0.21296,0.006176
1180,748.401,1.33618,0.731744,0.007168,0.484512,0.00496,0.006112,0.005568,0.217376,0.006048
1181,889.371,1.12439,0.734624,0.005792,0.487296,0.00464,0.006144,0.006144,0.218592,0.006016
1182,1126.51,0.887695,0.46864,0.005824,0.217984,0.005216,0.004896,0.005472,0.2232,0.006048
1183,1092.12,0.915649,0.458752,0.005856,0.214304,0.00496,0.004256,0.006048,0.217184,0.006144
1184,1208.62,0.827393,0.45104,0.005088,0.21504,0.005248,0.004896,0.005472,0.20928,0.006016
1185,1141.27,0.876221,0.458368,0.005824,0.213888,0.005216,0.004864,0.005408,0.217088,0.00608
1186,1080.45,0.925537,0.487648,0.005824,0.235872,0.005792,0.004448,0.005888,0.223488,0.006336
1187,858.52,1.16479,0.930816,0.006144,0.681984,0.00576,0.0056,0.005024,0.220256,0.006048
1188,744.051,1.34399,0.716832,0.006144,0.46464,0.005568,0.004928,0.006016,0.222528,0.007008
1189,1179.89,0.847534,0.467712,0.004992,0.220896,0.004256,0.005568,0.006624,0.219232,0.006144
1190,1137.3,0.879272,0.461472,0.005792,0.214016,0.005376,0.004864,0.005312,0.219968,0.006144
1191,563.528,1.77454,0.463168,0.005792,0.215712,0.004096,0.005728,0.004512,0.221184,0.006144
1192,1577.51,0.633911,0.469664,0.005824,0.223616,0.004704,0.00512,0.00512,0.219136,0.006144
1193,1079.46,0.926392,0.473728,0.005824,0.221472,0.004768,0.004096,0.006144,0.22432,0.007104
1194,638.852,1.56531,0.724064,0.008192,0.47104,0.005632,0.004608,0.005696,0.222816,0.00608
1195,876.431,1.14099,0.4608,0.005984,0.219296,0.004096,0.005856,0.005472,0.213952,0.006144
1196,1185.53,0.843506,0.458752,0.005824,0.218464,0.004928,0.004256,0.006144,0.212992,0.006144
1197,1186.21,0.843018,0.452128,0.006144,0.21504,0.004096,0.005792,0.005472,0.2096,0.005984
1198,1095.92,0.912476,0.460832,0.006176,0.212896,0.00416,0.005632,0.004608,0.221184,0.006176
1199,1211.3,0.825562,0.467232,0.005792,0.214848,0.004928,0.004096,0.006144,0.224896,0.006528
1200,864.865,1.15625,0.93136,0.006144,0.679936,0.00576,0.005568,0.005056,0.222912,0.005984
1201,877.088,1.14014,0.78656,0.005792,0.309024,0.004768,0.004128,0.006144,0.45056,0.006144
1202,910.121,1.09875,0.468992,0.006144,0.21504,0.004096,0.006144,0.005792,0.225632,0.006144
1203,1077.75,0.927856,0.460736,0.006144,0.210976,0.004064,0.005888,0.005472,0.222112,0.00608
1204,1194.17,0.837402,0.469024,0.006144,0.217088,0.005856,0.004384,0.005792,0.223584,0.006176
1205,1083.74,0.922729,0.466432,0.006144,0.212992,0.00512,0.004896,0.005472,0.224128,0.00768
1206,1208.44,0.827515,0.458496,0.006144,0.215072,0.00544,0.004768,0.005568,0.215552,0.005952
1207,674.905,1.48169,0.925824,0.005792,0.67824,0.005824,0.005568,0.004992,0.220192,0.005216
1208,1084.6,0.921997,0.826848,0.006144,0.34816,0.005728,0.004512,0.005856,0.218624,0.237824
1209,853.244,1.172,0.47712,0.005792,0.21776,0.005376,0.004864,0.00576,0.23152,0.006048
1210,1341.85,0.745239,0.472768,0.006144,0.2144,0.004736,0.005216,0.005024,0.231232,0.006016
1211,1095.19,0.913086,0.45472,0.005792,0.209312,0.004288,0.005536,0.004704,0.21904,0.006048
1212,1141.42,0.876099,0.464192,0.006144,0.217088,0.004096,0.005824,0.005536,0.219456,0.006048
1213,1060.18,0.943237,0.478048,0.006464,0.215072,0.004576,0.004096,0.006144,0.23552,0.006176
1214,884.952,1.13,0.951776,0.005792,0.682272,0.0056,0.004992,0.006048,0.241024,0.006048
1215,899.034,1.1123,0.768896,0.004992,0.29632,0.004736,0.004096,0.006144,0.446464,0.006144
1216,905.193,1.10474,0.463456,0.004992,0.21696,0.005888,0.004352,0.006016,0.2192,0.006048
1217,1172.8,0.852661,0.466944,0.006144,0.21504,0.00576,0.00448,0.005664,0.223712,0.006144
1218,1089.8,0.917603,0.46288,0.006144,0.212992,0.00576,0.00448,0.005696,0.221632,0.006176
1219,1175.66,0.850586,0.458688,0.005824,0.2096,0.005856,0.004384,0.005984,0.220992,0.006048
1220,1134.63,0.881348,0.46336,0.006144,0.218016,0.005792,0.004448,0.005888,0.217056,0.006016
1221,1093,0.914917,0.464256,0.00608,0.217184,0.005696,0.004512,0.005824,0.218944,0.006016
1222,788.375,1.26843,0.775552,0.007904,0.217664,0.004192,0.005792,0.004352,0.529632,0.006016
1223,562.676,1.77722,0.464928,0.00608,0.222272,0.00496,0.004256,0.00608,0.215104,0.006176
1224,1348.03,0.741821,0.47184,0.00512,0.219104,0.004096,0.005696,0.004576,0.227264,0.005984
1225,1270.87,0.786865,0.464416,0.006144,0.216256,0.004928,0.004096,0.007264,0.219648,0.00608
1226,1183.64,0.844849,0.4608,0.006144,0.21504,0.00544,0.0048,0.005568,0.217664,0.006144
1227,1050.8,0.95166,0.461952,0.006144,0.214496,0.00464,0.005184,0.005056,0.220384,0.006048
1228,702.874,1.42273,0.48688,0.008192,0.223232,0.005664,0.004576,0.00576,0.233344,0.006112
1229,944.432,1.05884,0.48368,0.005856,0.213984,0.005248,0.004896,0.005472,0.242176,0.006048
1230,1138.89,0.878052,0.485056,0.006144,0.217088,0.005888,0.004352,0.005984,0.239584,0.006016
1231,1148.46,0.870728,0.471904,0.004992,0.21296,0.005536,0.004704,0.00512,0.23248,0.006112
1232,1124.5,0.889282,0.48336,0.006144,0.218304,0.004928,0.004096,0.006112,0.2376,0.006176
1233,1101.96,0.907471,0.475168,0.006144,0.210944,0.0056,0.00464,0.00576,0.235904,0.006176
1234,1052.01,0.950562,0.519936,0.006144,0.253952,0.005888,0.004352,0.006016,0.237536,0.006048
1235,692.535,1.44397,0.496736,0.008192,0.229376,0.005344,0.004896,0.005472,0.237408,0.006048
1236,948.258,1.05457,0.484832,0.006144,0.219136,0.005824,0.004416,0.005696,0.237536,0.00608
1237,1107.48,0.902954,0.481568,0.005856,0.213568,0.005312,0.004864,0.005472,0.240352,0.006144
1238,1162.48,0.860229,0.473248,0.005824,0.217568,0.005632,0.004608,0.006144,0.227104,0.006368
1239,827.726,1.20813,0.484928,0.005792,0.229248,0.004768,0.004096,0.006144,0.228704,0.006176
1240,1434.68,0.697021,0.467424,0.005792,0.21792,0.004096,0.005504,0.004736,0.223136,0.00624
1241,1161,0.861328,0.477216,0.006016,0.221088,0.00432,0.005536,0.004736,0.229344,0.006176
1242,718.975,1.39087,0.4848,0.008192,0.230688,0.004832,0.004096,0.006176,0.2232,0.007616
1243,747.309,1.33813,0.46848,0.005824,0.215392,0.005184,0.004896,0.005376,0.22576,0.006048
1244,1345.6,0.743164,0.472,0.004864,0.222944,0.004384,0.00544,0.0048,0.223232,0.006336
1245,1168.62,0.855713,0.47104,0.0072,0.219456,0.004768,0.004096,0.006144,0.223232,0.006144
1246,1241.02,0.805786,0.466976,0.006144,0.2184,0.004832,0.005984,0.005472,0.219968,0.006176
1247,1141.11,0.876343,0.461536,0.004992,0.212832,0.005728,0.004512,0.0056,0.221728,0.006144
1248,1082.74,0.923584,0.482208,0.005056,0.231424,0.00528,0.004864,0.005504,0.223584,0.006496
1249,749.634,1.33398,0.7264,0.007904,0.46336,0.00592,0.00432,0.005856,0.23296,0.00608
1250,949.467,1.05322,0.480416,0.006144,0.216704,0.00448,0.005344,0.004896,0.236832,0.006016
1251,1119.13,0.893555,0.482368,0.005824,0.217408,0.005248,0.004896,0.005472,0.23744,0.00608
1252,1087.05,0.919922,0.483328,0.006144,0.218176,0.00496,0.004192,0.005984,0.238848,0.005024
1253,1153.15,0.867188,0.477888,0.0048,0.21248,0.004608,0.005216,0.005024,0.239616,0.006144
1254,1047.3,0.954834,0.465728,0.004992,0.214528,0.004608,0.005216,0.005024,0.22528,0.00608
1255,1249.35,0.800415,0.471328,0.006048,0.217472,0.005216,0.004896,0.005472,0.22608,0.006144
1256,742.298,1.34717,0.944128,0.006176,0.685504,0.00464,0.006144,0.005888,0.227296,0.00848
1257,831.169,1.20312,0.483648,0.004896,0.229376,0.005632,0.004608,0.00576,0.227328,0.006048
1258,1030.7,0.970215,0.485088,0.005824,0.225856,0.005568,0.004672,0.005696,0.231392,0.00608
1259,1226.53,0.815308,0.464864,0.005792,0.216704,0.004928,0.004128,0.006144,0.22112,0.006048
1260,1096.21,0.912231,0.464096,0.00608,0.213056,0.005792,0.004448,0.005888,0.222784,0.006048
1261,1195.39,0.836548,0.456704,0.006144,0.21056,0.00448,0.005344,0.004896,0.219136,0.006144
1262,731.559,1.36694,0.468416,0.006144,0.220608,0.004672,0.005152,0.005088,0.220672,0.00608
1263,999.878,1.00012,0.929952,0.005792,0.6784,0.006112,0.005568,0.004704,0.223232,0.006144
1264,781.009,1.2804,0.475584,0.005824,0.227424,0.004768,0.00416,0.00608,0.221184,0.006144
1265,1123.58,0.890015,0.48352,0.005824,0.238048,0.00544,0.0048,0.005568,0.217664,0.006176
1266,1111.99,0.899292,0.466944,0.005792,0.222944,0.0048,0.004096,0.006144,0.217088,0.00608
1267,1188.8,0.841187,0.485888,0.00576,0.240512,0.005856,0.004384,0.005984,0.217248,0.006144
1268,1146.54,0.872192,0.484768,0.006176,0.237536,0.00576,0.00448,0.005888,0.218848,0.00608
1269,1062.65,0.94104,0.512192,0.005824,0.259808,0.00496,0.004096,0.006144,0.225248,0.006112
1270,742.971,1.34595,0.748096,0.007936,0.490304,0.006144,0.005728,0.004512,0.22736,0.006112
1271,800.86,1.24866,0.479232,0.006144,0.22496,0.004416,0.005408,0.004864,0.227296,0.006144
1272,1244.42,0.803589,0.468928,0.006144,0.21504,0.00512,0.004896,0.004416,0.227232,0.00608
1273,1087.19,0.9198,0.464,0.004992,0.216928,0.004224,0.0056,0.00464,0.222336,0.00528
1274,1158.37,0.863281,0.465152,0.005824,0.2232,0.004704,0.00416,0.00608,0.21504,0.006144
1275,816.994,1.224,0.456864,0.005792,0.213504,0.005504,0.004736,0.005632,0.215552,0.006144
1276,1478.17,0.676514,0.484608,0.005824,0.231872,0.00592,0.00432,0.006016,0.22464,0.006016
1277,475.339,2.10376,0.743328,0.007904,0.493728,0.0056,0.00512,0.005952,0.218976,0.006048
1278,1114.1,0.897583,0.48848,0.006144,0.233472,0.005728,0.004512,0.005824,0.226784,0.006016
1279,1176,0.850342,0.464608,0.005792,0.213984,0.00512,0.004896,0.005472,0.22336,0.005984
1280,1036.18,0.965088,0.457408,0.005824,0.216064,0.005152,0.004864,0.005472,0.213888,0.006144
1281,1043.17,0.958618,0.456704,0.005984,0.210336,0.004864,0.004096,0.006144,0.219136,0.006144
1282,1302.8,0.767578,0.475552,0.005824,0.225984,0.004128,0.005696,0.004544,0.223232,0.006144
1283,542.445,1.84351,0.72704,0.008192,0.474592,0.00464,0.006144,0.005856,0.221472,0.006144
1284,819.938,1.2196,0.56992,0.005824,0.308096,0.005568,0.004672,0.00544,0.221152,0.019168
1285,990.209,1.00989,0.467104,0.006144,0.223232,0.005216,0.004896,0.005472,0.21696,0.005184
1286,1175.32,0.85083,0.475136,0.006144,0.222784,0.004544,0.00528,0.00496,0.223232,0.008192
1287,1096.65,0.911865,0.463232,0.005824,0.21472,0.004928,0.004256,0.00608,0.221248,0.006176
1288,1064.03,0.939819,0.474464,0.005824,0.219456,0.00432,0.005504,0.004768,0.228416,0.006176
1289,1066.67,0.9375,0.474912,0.005792,0.225888,0.004096,0.005856,0.005472,0.22176,0.006048
1290,736.36,1.35803,0.718848,0.007968,0.46512,0.0056,0.00464,0.005728,0.223648,0.006144
1291,1019.41,0.980957,0.464896,0.006144,0.21504,0.004096,0.00576,0.004512,0.2232,0.006144
1292,1043.04,0.95874,0.468992,0.00592,0.217312,0.005344,0.004896,0.00544,0.223936,0.006144
1293,1046.77,0.955322,0.464896,0.006144,0.210976,0.005888,0.00432,0.006048,0.224448,0.007072
1294,1238.21,0.807617,0.46304,0.005824,0.212896,0.004704,0.00512,0.00512,0.223232,0.006144
1295,814.8,1.22729,0.475648,0.005824,0.225952,0.005472,0.004768,0.0056,0.222848,0.005184
1296,917.255,1.09021,0.93184,0.006144,0.679936,0.006016,0.005568,0.0048,0.223232,0.006144
1297,803.059,1.24524,0.742336,0.035776,0.468608,0.0056,0.005024,0.006048,0.215136,0.006144
1298,964.218,1.03711,0.4608,0.006144,0.215072,0.005888,0.00432,0.006048,0.217184,0.006144
1299,1252.41,0.798462,0.46448,0.00608,0.218464,0.004832,0.004096,0.006144,0.218816,0.006048
1300,1217.78,0.821167,0.464896,0.006176,0.215008,0.005632,0.004608,0.00576,0.221568,0.006144
1301,1129.78,0.885132,0.462848,0.006144,0.213024,0.005856,0.004352,0.005856,0.221472,0.006144
1302,1014.61,0.985596,0.477024,0.006144,0.221024,0.004256,0.005536,0.004704,0.229376,0.005984
1303,896.182,1.11584,0.92976,0.005056,0.679296,0.004736,0.006144,0.00576,0.222688,0.00608
1304,734.116,1.36218,0.712736,0.006144,0.45424,0.005568,0.005088,0.005984,0.229536,0.006176
1305,1203.64,0.830811,0.475136,0.005792,0.219488,0.005504,0.004736,0.005632,0.22784,0.006144
1306,1116.84,0.895386,0.468256,0.005792,0.213344,0.005824,0.004448,0.006112,0.226752,0.005984
1307,1184.67,0.844116,0.461344,0.00496,0.214912,0.005216,0.004864,0.005504,0.21984,0.006048
1308,1029.28,0.971558,0.47024,0.006144,0.21472,0.004416,0.005408,0.004832,0.228704,0.006016
1309,1141.42,0.876099,0.470656,0.005792,0.217472,0.005536,0.004704,0.005664,0.225376,0.006112
1310,606.905,1.64771,0.475136,0.008192,0.22528,0.005824,0.004416,0.00592,0.21936,0.006144
1311,952.669,1.04968,0.469152,0.006144,0.226944,0.00448,0.005344,0.004896,0.216128,0.005216
1312,1054.31,0.948486,0.480864,0.005792,0.233856,0.00432,0.005536,0.004736,0.220672,0.005952
1313,1198.89,0.834106,0.466944,0.006112,0.216608,0.004608,0.005216,0.005056,0.2232,0.006144
1314,1084.6,0.921997,0.467264,0.005824,0.21552,0.004256,0.005632,0.004608,0.224576,0.006848
1315,1160.18,0.861938,0.466464,0.006144,0.213024,0.00416,0.005824,0.005472,0.225728,0.006112
1316,888.792,1.12512,0.507904,0.006144,0.247712,0.004192,0.0056,0.00464,0.233472,0.006144
1317,591.053,1.69189,0.840704,0.008192,0.278464,0.00416,0.005632,0.004608,0.5336,0.006048
1318,1009.24,0.990845,0.482304,0.006144,0.219136,0.00528,0.004864,0.006272,0.234624,0.005984
1319,1174.31,0.851562,0.482144,0.004992,0.220192,0.004928,0.004224,0.006016,0.235648,0.006144
1320,1077.19,0.928345,0.480576,0.006016,0.220768,0.00464,0.004096,0.006144,0.232896,0.006016
1321,1075.21,0.930054,0.48688,0.006176,0.231392,0.005312,0.004896,0.005472,0.227744,0.005888
1322,1115.77,0.89624,0.46976,0.004992,0.218336,0.004736,0.004096,0.006144,0.226464,0.004992
1323,849.969,1.17651,0.935456,0.006176,0.679584,0.0056,0.00496,0.00608,0.224896,0.00816
1324,811.41,1.23242,0.690176,0.006048,0.431648,0.004672,0.005248,0.004992,0.231296,0.006272
1325,992.128,1.00793,0.470912,0.005792,0.21776,0.005344,0.004864,0.005472,0.223936,0.007744
1326,1167.78,0.856323,0.469536,0.005824,0.21776,0.004256,0.005568,0.004672,0.224672,0.006784
1327,1209.15,0.827026,0.463616,0.00496,0.214368,0.004768,0.004096,0.006144,0.223232,0.006048
1328,1061.28,0.942261,0.468352,0.006144,0.217088,0.005568,0.004672,0.005632,0.2232,0.006048
1329,1115.47,0.896484,0.487456,0.006144,0.222656,0.004672,0.005152,0.005088,0.237568,0.006176
1330,1182.62,0.845581,0.482528,0.006176,0.214912,0.004192,0.0056,0.00464,0.241056,0.005952
1331,382.018,2.61768,1.64704,0.006912,1.3783,0.005536,0.004704,0.005696,0.23984,0.006048
1332,956.339,1.04565,0.511296,0.005792,0.247744,0.004576,0.005248,0.004992,0.23696,0.005984
1333,1109.13,0.901611,0.482496,0.006144,0.223232,0.005824,0.004416,0.005984,0.23088,0.006016
1334,1108.08,0.902466,0.476544,0.006144,0.219136,0.005856,0.004384,0.005952,0.229056,0.006016
1335,1053.36,0.949341,0.503392,0.005824,0.244768,0.006016,0.004096,0.005216,0.231456,0.006016
1336,559.907,1.78601,0.8072,0.007168,0.26576,0.004576,0.005248,0.004992,0.513376,0.00608
1337,836.43,1.19556,0.478016,0.004928,0.22528,0.005248,0.004896,0.005472,0.22576,0.006432
1338,1087.34,0.919678,0.474816,0.006176,0.2224,0.004896,0.004096,0.006144,0.225152,0.005952
1339,1193.82,0.837646,0.489824,0.005792,0.242464,0.004096,0.005824,0.005472,0.220096,0.00608
1340,1157.72,0.86377,0.468832,0.006144,0.219136,0.005632,0.004608,0.00576,0.221568,0.005984
1341,1105.53,0.904541,0.489472,0.007424,0.221152,0.004896,0.004096,0.006144,0.239616,0.006144
1342,774.584,1.29102,0.95392,0.005824,0.682336,0.005664,0.004576,0.006144,0.243328,0.006048
1343,902.401,1.10815,0.759264,0.006144,0.27392,0.004608,0.005184,0.005056,0.45824,0.006112
1344,911.336,1.09729,0.490432,0.005088,0.221152,0.004096,0.005824,0.005472,0.242656,0.006144
1345,911.235,1.09741,0.480832,0.005792,0.226848,0.004928,0.00416,0.006144,0.226944,0.006016
1346,1366.47,0.731812,0.475232,0.006144,0.223264,0.0056,0.004608,0.00576,0.224768,0.005088
1347,966.494,1.03467,0.48464,0.006144,0.227328,0.005152,0.004896,0.005472,0.2296,0.006048
1348,891.889,1.12122,0.513184,0.006144,0.255744,0.004352,0.005472,0.004768,0.23072,0.005984
1349,849.881,1.17664,0.753536,0.007936,0.496096,0.004608,0.006144,0.005888,0.226848,0.006016
1350,788.678,1.26794,0.749568,0.006144,0.481056,0.0056,0.004864,0.006144,0.239616,0.006144
1351,1171.62,0.853516,0.466944,0.006144,0.212992,0.005856,0.004384,0.00576,0.225664,0.006144
1352,1152.02,0.868042,0.467008,0.005824,0.213376,0.005632,0.004608,0.005568,0.225856,0.006144
1353,1142.06,0.87561,0.47024,0.006144,0.215072,0.00576,0.004448,0.005952,0.226848,0.006016
1354,1052.55,0.950073,0.499744,0.00592,0.24144,0.004544,0.00528,0.00496,0.231424,0.006176
1355,1067.5,0.936768,0.479232,0.005792,0.227296,0.00448,0.005344,0.004896,0.22528,0.006144
1356,841.673,1.18811,0.927552,0.006176,0.677856,0.006144,0.005792,0.005504,0.220064,0.006016
1357,840.119,1.19031,0.471232,0.005824,0.21872,0.0048,0.004288,0.006144,0.22528,0.006176
1358,1095.19,0.913086,0.464928,0.006144,0.212192,0.004896,0.004096,0.006144,0.22528,0.006176
1359,1189.31,0.84082,0.466848,0.005792,0.213504,0.0056,0.00464,0.005728,0.225536,0.006048
1360,801.095,1.24829,0.500928,0.00608,0.2448,0.004992,0.004224,0.006112,0.228672,0.006048
1361,743.646,1.34473,0.47504,0.00576,0.219648,0.005952,0.004288,0.00608,0.227232,0.00608
1362,951.231,1.05127,0.938112,0.005792,0.678624,0.0056,0.004704,0.006144,0.2312,0.006048
1363,976.517,1.02405,0.739744,0.005792,0.25072,0.00512,0.004896,0.005472,0.461696,0.006048
1364,905.193,1.10474,0.480608,0.006144,0.222464,0.004864,0.004096,0.006144,0.23088,0.006016
1365,1009.49,0.990601,0.487104,0.005824,0.231232,0.004896,0.004096,0.006144,0.228864,0.006048
1366,1126.67,0.887573,0.466944,0.006016,0.21312,0.00576,0.00448,0.005696,0.225728,0.006144
1367,1161.16,0.861206,0.4752,0.005824,0.219104,0.00448,0.005344,0.004896,0.229376,0.006176
1368,1051.6,0.950928,0.498208,0.005792,0.240512,0.005472,0.004768,0.0056,0.22992,0.006144
1369,816.587,1.22461,0.937824,0.005824,0.67776,0.004768,0.006144,0.005664,0.229856,0.007808
1370,752.388,1.3291,0.70976,0.012352,0.452544,0.0056,0.00464,0.006144,0.2224,0.00608
1371,1148.95,0.870361,0.473088,0.006144,0.219136,0.00608,0.00416,0.006144,0.22528,0.006144
1372,1131.96,0.883423,0.47552,0.006496,0.219232,0.004576,0.005216,0.005024,0.228928,0.006048
1373,1120.04,0.892822,0.483328,0.006144,0.22736,0.005408,0.0048,0.005568,0.227904,0.006144
1374,726.628,1.37622,0.511104,0.006144,0.240736,0.004928,0.004192,0.006016,0.243072,0.006016
1375,1287.24,0.776855,0.50976,0.005856,0.245504,0.004896,0.004096,0.006144,0.237248,0.006016
1376,653.895,1.5293,0.800768,0.008,0.234976,0.004832,0.004096,0.006144,0.536576,0.006144
1377,788.45,1.26831,0.473088,0.006144,0.217056,0.004128,0.005856,0.005472,0.228288,0.006144
1378,1231.51,0.812012,0.467264,0.005824,0.211584,0.005536,0.004704,0.005664,0.227488,0.006464
1379,1234.11,0.810303,0.470848,0.006144,0.216192,0.00496,0.004256,0.006016,0.227264,0.006016
1380,1057.99,0.94519,0.470976,0.005824,0.215808,0.004256,0.005536,0.004704,0.228768,0.00608
1381,1155.43,0.865479,0.475904,0.004992,0.221024,0.005728,0.004512,0.006144,0.227296,0.006208
1382,1077.04,0.928467,0.749632,0.005792,0.219616,0.005632,0.004608,0.006144,0.223232,0.284608
1383,671.09,1.49011,0.795072,0.007936,0.303904,0.0056,0.00464,0.00576,0.461056,0.006176
1384,899.725,1.11145,0.472192,0.005856,0.217376,0.00592,0.00432,0.006144,0.226432,0.006144
1385,1058.53,0.944702,0.464864,0.005824,0.213952,0.004096,0.005728,0.004576,0.224608,0.00608
1386,1211.12,0.825684,0.479392,0.005792,0.223168,0.004832,0.004096,0.006144,0.22928,0.00608
1387,1161.33,0.861084,0.46528,0.005792,0.211456,0.004288,0.005536,0.004736,0.227296,0.006176
1388,1103,0.906616,0.474208,0.005088,0.216896,0.004288,0.005504,0.004768,0.232448,0.005216
1389,648.306,1.54248,0.942912,0.004896,0.684032,0.005632,0.00464,0.006112,0.231424,0.006176
1390,1252.41,0.798462,0.694528,0.00496,0.436224,0.005184,0.004864,0.005568,0.228096,0.009632
1391,901.012,1.10986,0.472512,0.006144,0.21504,0.005504,0.004736,0.0056,0.22944,0.006048
1392,1102.71,0.90686,0.468992,0.005984,0.215232,0.005472,0.004736,0.005632,0.225792,0.006144
1393,1040.25,0.961304,0.497984,0.005856,0.24016,0.00416,0.005664,0.004608,0.231392,0.006144
1394,1306.96,0.765137,0.464832,0.006176,0.2184,0.0048,0.004096,0.006144,0.219136,0.00608
1395,1013.86,0.986328,0.458784,0.004992,0.218176,0.004832,0.004096,0.006144,0.214464,0.00608
1396,823.896,1.21375,0.937024,0.006144,0.679552,0.005536,0.005088,0.005984,0.22544,0.00928
1397,993.331,1.00671,0.70032,0.005792,0.454432,0.00496,0.004096,0.006144,0.218848,0.006048
1398,895.398,1.11682,0.474112,0.005056,0.220832,0.004416,0.005408,0.004832,0.228416,0.005152
1399,1184.16,0.844482,0.480992,0.006144,0.221088,0.004192,0.005632,0.00464,0.233216,0.00608
1400,1060.59,0.942871,0.481088,0.005792,0.227808,0.004192,0.005632,0.004608,0.227072,0.005984
1401,1199.06,0.833984,0.462816,0.0048,0.212608,0.00448,0.005344,0.004928,0.224608,0.006048
1402,1124.66,0.88916,0.462304,0.005824,0.213472,0.00544,0.0048,0.005568,0.221184,0.006016
1403,1081.45,0.924683,0.784128,0.007328,0.243904,0.004768,0.00416,0.00608,0.509632,0.008256
1404,599.181,1.66895,0.765664,0.005792,0.489632,0.005568,0.004928,0.006144,0.247488,0.006112
1405,970.961,1.02991,0.482624,0.005824,0.219232,0.004544,0.00528,0.00496,0.236736,0.006048
1406,1347.37,0.742188,0.475136,0.006144,0.212928,0.00416,0.005664,0.004608,0.235488,0.006144
1407,962.406,1.03906,0.481248,0.005952,0.218912,0.004512,0.005312,0.00496,0.235488,0.006112
1408,1384.95,0.722046,0.475136,0.005824,0.217568,0.00512,0.004864,0.005504,0.230144,0.006112
1409,1088.35,0.918823,0.49776,0.005824,0.241984,0.005248,0.004896,0.005472,0.229312,0.005024
1410,937.085,1.06714,0.999424,0.006144,0.48848,0.007136,0.005568,0.004704,0.481248,0.006144
1411,651.659,1.53455,0.74752,0.01216,0.47936,0.005888,0.0056,0.004896,0.233472,0.006144
1412,1117.14,0.895142,0.467872,0.005024,0.212512,0.004576,0.005248,0.004992,0.229312,0.006208
1413,1176.84,0.849731,0.467168,0.005824,0.220672,0.00496,0.004096,0.006144,0.220256,0.005216
1414,1028.89,0.971924,0.489952,0.005792,0.232288,0.005728,0.00448,0.00592,0.2296,0.006144
1415,1161.66,0.86084,0.473408,0.005824,0.220928,0.00496,0.004128,0.006144,0.224704,0.00672
1416,1115.16,0.896729,0.476224,0.006144,0.220928,0.004352,0.005472,0.004768,0.228416,0.006144
1417,769.708,1.29919,0.723584,0.007968,0.47344,0.004576,0.006144,0.00592,0.21936,0.006176
1418,803.531,1.24451,0.721216,0.028992,0.44704,0.006144,0.005856,0.004384,0.222784,0.006016
1419,1181.6,0.846313,0.465152,0.005824,0.213536,0.005568,0.004672,0.005696,0.22368,0.006176
1420,744.051,1.34399,0.487552,0.005824,0.226016,0.005344,0.004864,0.005504,0.233984,0.006016
1421,1526.65,0.655029,0.47104,0.005824,0.217408,0.00592,0.00432,0.00608,0.225376,0.006112
1422,1132.59,0.882935,0.469312,0.005792,0.213632,0.004096,0.005856,0.005472,0.227968,0.006496
1423,1177.01,0.849609,0.476032,0.005024,0.221152,0.005312,0.004864,0.005568,0.227968,0.006144
1424,849.528,1.17712,0.945888,0.005824,0.680064,0.0056,0.004896,0.006144,0.237312,0.006048
1425,698.261,1.43213,0.507584,0.005952,0.252096,0.005472,0.004768,0.005568,0.22768,0.006048
1426,1457.39,0.686157,0.476736,0.006144,0.219136,0.005472,0.004768,0.0056,0.229664,0.005952
1427,1091.1,0.916504,0.462336,0.005824,0.21376,0.00528,0.004896,0.00544,0.22112,0.006016
1428,1223.05,0.817627,0.47104,0.006144,0.217088,0.005472,0.004768,0.005952,0.225472,0.006144
1429,1042.64,0.959106,0.465056,0.005824,0.217568,0.00528,0.00496,0.005536,0.219744,0.006144
1430,1233.18,0.810913,0.47696,0.006048,0.221952,0.00512,0.004896,0.00432,0.22736,0.007264
1431,857.891,1.16565,0.93616,0.005888,0.680128,0.004672,0.006144,0.005792,0.225376,0.00816
1432,737.088,1.35669,0.475136,0.006144,0.219136,0.005696,0.004544,0.005824,0.227648,0.006144
1433,1208.62,0.827393,0.466528,0.006144,0.210944,0.005888,0.005472,0.005024,0.227072,0.005984
1434,1103.15,0.906494,0.46112,0.005824,0.213184,0.0048,0.004096,0.006144,0.221056,0.006016
1435,852.445,1.1731,0.478816,0.006144,0.22448,0.004896,0.00544,0.0048,0.22704,0.006016
1436,1502.57,0.665527,0.474272,0.005856,0.220864,0.004704,0.00512,0.00512,0.226592,0.006016
1437,1076.48,0.928955,0.469536,0.005088,0.216832,0.004352,0.00544,0.0048,0.227008,0.006016
1438,844.188,1.18457,0.929792,0.006144,0.679936,0.005792,0.0056,0.004992,0.221184,0.006144
1439,755.999,1.32275,0.475136,0.006176,0.219104,0.005472,0.004768,0.006144,0.227328,0.006144
1440,1223.42,0.817383,0.47104,0.005888,0.216544,0.004896,0.004096,0.006144,0.227328,0.006144
1441,1006.14,0.993896,0.4576,0.005024,0.21264,0.004416,0.005408,0.004832,0.219136,0.006144
1442,1265.37,0.790283,0.477184,0.006176,0.217056,0.005376,0.004864,0.006112,0.231456,0.006144
1443,1045.97,0.956055,0.466112,0.006144,0.212704,0.004384,0.005408,0.004864,0.22656,0.006048
1444,1170.62,0.854248,0.486688,0.006176,0.23744,0.004192,0.0056,0.00464,0.222592,0.006048
1445,812.376,1.23096,0.9264,0.004992,0.677888,0.005984,0.005568,0.004864,0.221056,0.006048
1446,810.929,1.23315,0.476512,0.006144,0.222752,0.004576,0.005856,0.005856,0.225312,0.006016
1447,1113.95,0.897705,0.467136,0.005856,0.215008,0.004416,0.005408,0.006112,0.224,0.006336
1448,1117.6,0.894775,0.467328,0.005792,0.213056,0.004768,0.004096,0.006144,0.227328,0.006144
1449,1235.22,0.80957,0.455168,0.005824,0.211744,0.005568,0.004672,0.005664,0.21552,0.006176
1450,1115.77,0.89624,0.459136,0.005824,0.210784,0.004896,0.005344,0.004896,0.221184,0.006208
1451,1083.02,0.92334,0.460832,0.005824,0.214976,0.00448,0.005312,0.004928,0.219136,0.006176
1452,558.342,1.79102,0.527744,0.008192,0.233472,0.004096,0.005728,0.004512,0.265664,0.00608
1453,922.523,1.08398,0.462112,0.005792,0.214752,0.004768,0.004096,0.006144,0.220512,0.006048
1454,1086.47,0.92041,0.476128,0.005088,0.227328,0.005568,0.004672,0.006144,0.221184,0.006144
1455,1134.63,0.881348,0.462848,0.006144,0.212992,0.005632,0.004608,0.005568,0.22176,0.006144
1456,1105.23,0.904785,0.45648,0.005824,0.211168,0.004832,0.004096,0.006144,0.218432,0.005984
1457,1097.53,0.911133,0.477184,0.005792,0.221504,0.004576,0.005248,0.004992,0.229056,0.006016
1458,1124.97,0.888916,0.491584,0.005088,0.23728,0.004384,0.005472,0.004768,0.228416,0.006176
1459,627.643,1.59326,0.485376,0.008064,0.235648,0.005728,0.004512,0.00592,0.21936,0.006144
1460,955.224,1.04688,0.467296,0.005792,0.214752,0.004928,0.004256,0.00608,0.2264,0.005088
1461,1257.6,0.795166,0.461568,0.005792,0.213056,0.004928,0.004224,0.006144,0.222208,0.005216
1462,1132.43,0.883057,0.460768,0.006144,0.212576,0.004512,0.005312,0.004928,0.221184,0.006112
1463,1087.92,0.919189,0.459008,0.005824,0.211296,0.004704,0.004096,0.006144,0.220864,0.00608
1464,1121.58,0.891602,0.469088,0.005792,0.215488,0.005312,0.004896,0.005472,0.225984,0.006144
1465,1190.01,0.840332,0.464896,0.006144,0.214528,0.004608,0.005216,0.005024,0.223232,0.006144
1466,607.445,1.64624,0.786432,0.008192,0.2352,0.004416,0.005248,0.004992,0.52224,0.006144
1467,890.241,1.12329,0.512608,0.014912,0.253184,0.004864,0.004096,0.006144,0.223232,0.006176
1468,1136.83,0.879639,0.477184,0.006144,0.224512,0.004864,0.004096,0.006144,0.224352,0.007072
1469,1178.03,0.848877,0.480928,0.006144,0.229376,0.005856,0.004384,0.00608,0.22304,0.006048
1470,1091.68,0.916016,0.454656,0.006144,0.212512,0.004576,0.005824,0.005504,0.213952,0.006144
1471,1277.21,0.782959,0.460864,0.006176,0.220544,0.004704,0.005152,0.005088,0.212992,0.006208
1472,963.538,1.03784,0.745472,0.005856,0.215328,0.004096,0.00576,0.004576,0.226432,0.283424
1473,703.78,1.4209,0.681824,0.008192,0.42928,0.004896,0.004096,0.006144,0.223168,0.006048
1474,1086.76,0.920166,0.469344,0.004928,0.216288,0.004864,0.004096,0.006144,0.227008,0.006016
1475,1091.1,0.916504,0.4608,0.006112,0.212992,0.004128,0.005696,0.004544,0.221184,0.006144
1476,1009.61,0.990479,0.492544,0.005152,0.243456,0.00432,0.005504,0.004768,0.2232,0.006144
1477,1122.5,0.890869,0.47712,0.006144,0.22736,0.005184,0.004896,0.005472,0.221984,0.00608
1478,947.929,1.05493,0.494464,0.004992,0.243616,0.004192,0.005632,0.00464,0.224416,0.006976
1479,1198.71,0.834229,0.747232,0.006144,0.216832,0.004352,0.005536,0.004704,0.226592,0.283072
1480,578.94,1.72729,0.73488,0.008192,0.48064,0.004736,0.006144,0.006144,0.222976,0.006048
1481,1385.66,0.72168,0.469664,0.005792,0.215424,0.004736,0.004096,0.006144,0.227328,0.006144
1482,1165.62,0.85791,0.471616,0.005824,0.217984,0.005568,0.004672,0.005696,0.225728,0.006144
1483,1196.26,0.835938,0.485376,0.006144,0.231264,0.004256,0.005568,0.004704,0.227296,0.006144
1484,937.729,1.06641,0.469856,0.004992,0.216832,0.00432,0.005472,0.004768,0.22736,0.006112
1485,1316.62,0.759521,0.470496,0.006048,0.22544,0.004096,0.005728,0.004544,0.218592,0.006048
1486,849.44,1.17725,0.945184,0.006144,0.692032,0.005568,0.004864,0.006144,0.224352,0.00608
1487,731.821,1.36646,0.749568,0.006048,0.483424,0.006144,0.00608,0.005472,0.236288,0.006112
1488,1106.13,0.904053,0.463904,0.006176,0.214656,0.004448,0.005376,0.006464,0.2208,0.005984
1489,1076.48,0.928955,0.460096,0.006144,0.212672,0.004416,0.005376,0.004864,0.220576,0.006048
1490,1215.07,0.822998,0.466944,0.005792,0.211296,0.004096,0.005824,0.005472,0.22832,0.006144
1491,1121.88,0.891357,0.475008,0.005792,0.212896,0.015168,0.005408,0.004832,0.224832,0.00608
1492,962.858,1.03857,0.493696,0.005824,0.234144,0.005216,0.004864,0.005504,0.232096,0.006048
1493,1199.06,0.833984,0.488288,0.004992,0.235488,0.005152,0.004864,0.005504,0.226144,0.006144
1494,550.834,1.81543,0.502368,0.007904,0.248704,0.005472,0.004768,0.0056,0.2248,0.00512
1495,1363.52,0.733398,0.475008,0.006144,0.221184,0.005664,0.004576,0.005952,0.22544,0.006048
1496,1024.77,0.97583,0.471456,0.005792,0.219424,0.004544,0.00528,0.00496,0.22528,0.006176
1497,1257.21,0.79541,0.466944,0.005856,0.214656,0.004768,0.004096,0.006144,0.224864,0.00656
1498,1060.59,0.942871,0.464768,0.006144,0.216192,0.00496,0.004128,0.006144,0.221088,0.006112
1499,951.894,1.05054,0.503872,0.005824,0.249696,0.004768,0.00432,0.006048,0.2272,0.006016
1500,679.947,1.4707,0.476512,0.007968,0.22256,0.004896,0.004192,0.006144,0.224704,0.006048
1501,930.486,1.07471,0.467104,0.005792,0.213664,0.005888,0.00432,0.00608,0.224864,0.006496
1502,938.159,1.06592,0.46544,0.00512,0.212992,0.005184,0.004864,0.005472,0.224096,0.007712
1503,1353.15,0.739014,0.518176,0.006112,0.259168,0.00496,0.004192,0.006144,0.231424,0.006176
1504,1104.34,0.905518,0.467616,0.004992,0.21488,0.004096,0.005728,0.004544,0.227296,0.00608
1505,1221.96,0.818359,0.464608,0.005824,0.213536,0.004096,0.005792,0.005472,0.223808,0.00608
1506,1054.31,0.948486,0.49136,0.005856,0.239104,0.004928,0.004256,0.006144,0.225056,0.006016
1507,583.808,1.71289,0.692224,0.008192,0.43728,0.005056,0.004128,0.006144,0.22528,0.006144
1508,915.103,1.09277,0.47392,0.004992,0.217056,0.005088,0.004896,0.00432,0.231456,0.006112
1509,1222.32,0.818115,0.46912,0.00576,0.213504,0.004096,0.0056,0.00464,0.229376,0.006144
1510,1126.51,0.887695,0.474464,0.006144,0.21504,0.005632,0.004608,0.005632,0.23136,0.006048
1511,1124.66,0.88916,0.466944,0.006144,0.212384,0.004704,0.00512,0.00512,0.227328,0.006144
1512,1048.91,0.953369,0.485408,0.006144,0.227328,0.004128,0.005856,0.005472,0.230304,0.006176
1513,1178.03,0.848877,0.953216,0.004992,0.443648,0.00688,0.005824,0.005472,0.226272,0.260128
1514,719.859,1.38916,0.727616,0.005824,0.245696,0.005024,0.005184,0.005056,0.454656,0.006176
1515,862.679,1.15918,0.464992,0.005824,0.211328,0.005248,0.004864,0.006272,0.225312,0.006144
1516,1155.43,0.865479,0.469312,0.005792,0.21536,0.004448,0.005248,0.004992,0.227328,0.006144
1517,1214.35,0.823486,0.461056,0.00576,0.211648,0.005344,0.004896,0.005472,0.221856,0.00608
1518,1094.6,0.913574,0.458304,0.005792,0.213504,0.004192,0.005824,0.00432,0.218656,0.006016
1519,844.188,1.18457,0.462496,0.006016,0.218688,0.00496,0.00416,0.006176,0.216512,0.005984
1520,1096.65,0.911865,0.743424,0.006144,0.493568,0.008128,0.005568,0.004736,0.219136,0.006144
1521,630.93,1.58496,0.728992,0.004896,0.474976,0.005568,0.004832,0.006144,0.225312,0.007264
1522,1343.83,0.744141,0.468672,0.005792,0.215872,0.005152,0.004864,0.005504,0.22544,0.006048
1523,1102.26,0.907227,0.461472,0.004992,0.212864,0.00592,0.00432,0.006048,0.221248,0.00608
1524,1191.39,0.839355,0.462816,0.005824,0.21392,0.005472,0.004736,0.005632,0.221184,0.006048
1525,1101.08,0.908203,0.460032,0.005824,0.211424,0.005568,0.004672,0.0056,0.220928,0.006016
1526,1178.71,0.848389,0.47104,0.006112,0.219168,0.004096,0.005696,0.004736,0.22512,0.006112
1527,821.995,1.21655,0.939904,0.006112,0.679552,0.005568,0.005088,0.005984,0.229248,0.008352
1528,721,1.38696,0.733184,0.006144,0.475136,0.006144,0.005728,0.004512,0.229376,0.006144
1529,1163.31,0.859619,0.462624,0.005792,0.213408,0.004608,0.004096,0.006144,0.222592,0.005984
1530,1090.52,0.916992,0.467488,0.005792,0.21184,0.004096,0.005824,0.005472,0.22816,0.006304
1531,1246.12,0.80249,0.473088,0.006144,0.212992,0.005472,0.004768,0.005568,0.232,0.006144
1532,680.173,1.47021,0.508736,0.00496,0.250976,0.004896,0.004192,0.006144,0.231424,0.006144
1533,1122.81,0.890625,0.477408,0.005824,0.213024,0.00464,0.005152,0.005088,0.237568,0.006112
1534,721.508,1.38599,0.757952,0.008192,0.214432,0.004704,0.004192,0.006048,0.515168,0.005216
1535,844.536,1.18408,0.470016,0.00512,0.214176,0.004928,0.004128,0.006144,0.229376,0.006144
