,fps,duration,cudaTotal,kernUpdateVelocityBruteForce-802,kernUpdatePos-803
avg_1024,146.629,9.40658,6.65268,6.64629,0.00638269
max_1024,6400,2322.06,8.0689,8.06282,0.261536
min_1024,0.430652,0.15625,6.30189,6.29574,0.00464
512,6400,0.15625,6.30858,6.30243,0.006144
513,0.430652,2322.06,6.31046,6.30429,0.006176
514,150.91,6.62646,6.62067,6.61466,0.006016
515,139.491,7.16895,6.96861,6.96262,0.005984
516,137.699,7.26221,6.31194,6.30579,0.006144
517,145.682,6.86426,6.62899,6.62294,0.006048
518,145.001,6.89648,6.96944,6.96422,0.005216
519,133.9,7.46826,6.31373,6.30771,0.006016
520,147.211,6.79297,6.608,6.60195,0.006048
521,132.437,7.55078,6.97078,6.96477,0.006016
522,138.697,7.20996,6.31213,6.30598,0.006144
523,146.39,6.83105,6.32118,6.30518,0.016
524,138.136,7.23926,6.59261,6.58742,0.005184
525,150.455,6.64648,6.96579,6.95978,0.006016
526,120.428,8.30371,6.30973,6.30227,0.007456
527,161.133,6.20605,6.59258,6.58637,0.006208
528,145.983,6.8501,7.2808,7.27478,0.006016
529,130.879,7.64062,6.8001,6.79398,0.006112
530,128.732,7.76807,6.59328,6.58714,0.006144
531,136.898,7.30469,6.33062,6.32448,0.006144
532,135.414,7.38477,6.31994,6.30579,0.014144
533,143.77,6.95557,7.32688,7.31955,0.007328
534,122.065,8.19238,6.31101,6.30499,0.006016
535,148.945,6.71387,6.31194,6.30579,0.006144
536,150.799,6.63135,7.05597,7.04982,0.006144
537,126.576,7.90039,6.30374,6.2976,0.006144
538,152.836,6.54297,6.30592,6.29933,0.006592
539,142.599,7.0127,7.0535,7.04736,0.006144
540,132.078,7.57129,6.31133,6.30538,0.005952
541,147.148,6.7959,6.61206,6.60602,0.006048
542,143.851,6.95166,7.00509,6.99894,0.006144
543,132.052,7.57275,6.6048,6.59866,0.006144
544,143.982,6.94531,7.31744,7.31136,0.00608
545,125.752,7.95215,6.95296,6.94698,0.005984
546,136.461,7.32812,6.31402,6.30784,0.006176
547,144.378,6.92627,6.59059,6.58445,0.006144
548,142.361,7.02441,6.9663,6.96038,0.00592
549,124.65,8.02246,6.31232,6.30624,0.00608
550,160.665,6.22412,6.59286,6.58672,0.006144
551,141.74,7.05518,7.01667,7.00822,0.008448
552,133.629,7.4834,6.31142,6.30534,0.00608
553,143.76,6.95605,6.61677,6.61078,0.005984
554,134.808,7.41797,6.99197,6.97558,0.016384
555,135.19,7.39697,6.31046,6.30442,0.006048
556,141.573,7.06348,6.31194,6.30595,0.005984
557,149.195,6.70264,6.60285,6.59677,0.00608
558,144.643,6.91357,8.0689,8.06282,0.00608
559,115.765,8.63818,6.31165,6.3057,0.005952
560,151.692,6.59229,7.364,7.35795,0.006048
561,126.553,7.90186,6.31094,6.30496,0.005984
562,149.773,6.67676,6.31347,6.30749,0.005984
563,140.322,7.12646,7.05418,7.048,0.006176
564,132.394,7.55322,6.30646,6.30045,0.006016
565,145.434,6.87598,6.30579,6.29917,0.006624
566,149.424,6.69238,7.05933,7.05328,0.006048
567,129.465,7.72412,6.31194,6.30579,0.006144
568,147.859,6.76318,6.6176,6.61146,0.006144
569,138.613,7.21436,6.99555,6.9895,0.006048
570,138.622,7.21387,6.31024,6.30419,0.006048
571,146.926,6.80615,6.6089,6.60275,0.006144
572,136.379,7.33252,6.97139,6.96525,0.006144
573,137.94,7.24951,6.61453,6.60858,0.005952
574,140.756,7.10449,7.35155,7.34557,0.005984
575,127.49,7.84375,6.96515,6.95894,0.006208
576,132.189,7.56494,6.3087,6.30253,0.006176
577,150.788,6.63184,6.59696,6.59085,0.006112
578,140.746,7.10498,6.96634,6.96032,0.006016
579,136.524,7.32471,6.32192,6.31549,0.006432
580,145.217,6.88623,6.3103,6.30429,0.006016
581,148.87,6.71729,6.59232,6.58627,0.006048
582,141.349,7.07471,7.02243,7.01517,0.007264
583,134.968,7.40918,6.31194,6.30579,0.006144
584,148.32,6.74219,6.59798,6.59194,0.006048
585,140.582,7.11328,7.02432,7.01827,0.006048
586,134.348,7.44336,6.31194,6.30579,0.006144
587,145.289,6.88281,6.59779,6.59174,0.006048
588,148.492,6.73438,6.77843,6.77238,0.006048
589,124.81,8.01221,6.59661,6.5905,0.006112
590,141.037,7.09033,7.31152,7.30538,0.006144
591,124.151,8.05469,6.31018,6.30403,0.006144
592,149.054,6.70898,6.31206,6.30598,0.00608
593,143.679,6.95996,7.39126,7.38509,0.006176
594,125.837,7.94678,6.30579,6.29965,0.006144
595,133.403,7.49609,6.30429,6.29814,0.006144
596,167.553,5.96826,7.01309,7.00787,0.005216
597,132.428,7.55127,6.31002,6.30403,0.005984
598,143.027,6.9917,6.57203,6.56589,0.006144
599,138.923,7.19824,7.0207,7.01456,0.006144
600,136.035,7.35107,6.31328,6.30726,0.006016
601,151.636,6.59473,6.59427,6.58829,0.005984
602,140.236,7.13086,6.97242,6.96634,0.00608
603,130.321,7.67334,6.31101,6.30499,0.006016
604,152.358,6.56348,6.59667,6.59053,0.006144
605,145.104,6.8916,7.01222,7.00621,0.006016
606,116.815,8.56055,6.3119,6.30589,0.006016
607,153.731,6.50488,6.59296,6.58682,0.006144
608,149.653,6.68213,6.97344,6.9673,0.006144
609,129.024,7.75049,6.312,6.30602,0.005984
610,139.891,7.14844,6.31133,6.30531,0.006016
611,155.919,6.41357,6.60141,6.59523,0.006176
612,145.63,6.8667,6.9897,6.98365,0.006048
613,129.432,7.72607,6.59046,6.58432,0.006144
614,146.863,6.80908,7.02208,7.0161,0.005984
615,130.804,7.64502,6.30992,6.30374,0.006176
616,148.945,6.71387,6.32202,6.30579,0.016224
617,118.56,8.43457,6.60685,6.6007,0.006144
618,171.654,5.82568,7.07613,7.07008,0.006048
619,128.643,7.77344,6.31341,6.30746,0.005952
620,143.247,6.98096,6.59587,6.58979,0.00608
621,142.42,7.02148,6.31398,6.30784,0.006144
622,139.681,7.15918,6.31424,6.3081,0.006144
623,150.18,6.65869,6.59856,6.59251,0.006048
624,133.255,7.50439,6.31414,6.308,0.006144
625,137.468,7.27441,6.31386,6.30784,0.006016
626,133.979,7.46387,7.36077,7.35472,0.006048
627,137.137,7.29199,6.31379,6.30774,0.006048
628,145.31,6.88184,6.31194,6.30579,0.006144
629,148.052,6.75439,7.0007,6.99459,0.006112
630,133.151,7.51025,6.30352,6.2969,0.006624
631,145.248,6.88477,6.30378,6.2976,0.006176
632,149.435,6.69189,7.39741,7.39123,0.006176
633,122.73,8.14795,7.02589,7.01987,0.006016
634,138.688,7.21045,6.61018,6.60416,0.006016
635,140.236,7.13086,6.96749,6.9623,0.005184
636,134.87,7.41455,6.31082,6.30563,0.005184
637,139.396,7.17383,6.62256,6.61654,0.006016
638,147.785,6.7666,6.98416,6.97802,0.006144
639,134.374,7.44189,6.30989,6.30374,0.006144
640,150.235,6.65625,6.60835,6.60237,0.005984
641,138.341,7.22852,6.9591,6.95296,0.006144
642,138.725,7.2085,6.31072,6.30454,0.006176
643,149.152,6.70459,6.59661,6.59046,0.006144
644,140.64,7.11035,6.96077,6.95478,0.005984
645,136.807,7.30957,6.31194,6.30595,0.005984
646,146.056,6.84668,6.59446,6.58848,0.005984
647,140.921,7.09619,6.9591,6.95296,0.006144
648,133.472,7.49219,6.59248,6.58653,0.005952
649,145.765,6.86035,7.26858,7.2625,0.00608
650,123.784,8.07861,7.10016,7.09411,0.006048
651,135.289,7.3916,6.30995,6.30378,0.006176
652,150.378,6.6499,6.31318,6.30707,0.006112
653,144.266,6.93164,6.59472,6.58861,0.006112
654,145.001,6.89648,6.79213,6.78602,0.006112
655,132.514,7.54639,6.31357,6.30758,0.005984
656,150.655,6.6377,7.27808,7.27197,0.006112
657,126.67,7.89453,6.30989,6.30374,0.006144
658,151.951,6.58105,6.30986,6.30374,0.006112
659,146.025,6.84814,7.30694,7.3009,0.006048
660,130.704,7.65088,6.31299,6.30694,0.006048
661,143.588,6.96436,6.31066,6.30451,0.006144
662,150.599,6.64014,7.37846,7.37238,0.00608
663,116.822,8.56006,6.30579,6.29965,0.006144
664,161.565,6.18945,7.4281,7.42195,0.006144
665,127.332,7.85352,6.97696,6.97098,0.005984
666,133.778,7.4751,6.31261,6.30656,0.006048
667,147.657,6.77246,6.62051,6.6145,0.006016
668,139.367,7.17529,7.00195,6.99594,0.006016
669,134.058,7.45947,6.61469,6.60874,0.005952
670,136.661,7.31738,6.96938,6.9632,0.006176
671,141.163,7.08398,6.59811,6.59203,0.00608
672,137.422,7.27686,6.97664,6.97062,0.006016
673,142.262,7.0293,6.59078,6.58464,0.006144
674,133.525,7.48926,6.96115,6.95501,0.006144
675,133.498,7.49072,6.59229,6.58621,0.00608
676,127.229,7.85986,7.03501,7.02874,0.006272
677,152.95,6.53809,6.3112,6.30518,0.006016
678,140.101,7.1377,6.59264,6.58656,0.00608
679,144.633,6.91406,7.09117,7.08474,0.006432
680,135.845,7.36133,6.59779,6.59181,0.005984
681,123.567,8.09277,6.31398,6.30784,0.006144
682,148.794,6.7207,7.35923,7.35309,0.006144
683,121.992,8.19727,6.3127,6.30656,0.006144
684,162.992,6.13525,7.43664,7.43062,0.006016
685,118.711,8.42383,6.62723,6.62003,0.0072
686,149.358,6.69531,6.98595,6.97981,0.006144
687,135.647,7.37207,6.31101,6.30499,0.006016
688,151.614,6.5957,6.59251,6.58637,0.006144
689,138.098,7.24121,6.97856,6.97238,0.006176
690,135.012,7.40674,6.31229,6.30621,0.00608
691,147.338,6.78711,6.61629,6.61024,0.006048
692,141.057,7.08936,6.96368,6.95754,0.006144
693,137.885,7.25244,6.6089,6.60275,0.006144
694,139.919,7.14697,7.34189,7.33587,0.006016
695,129.04,7.74951,6.97366,6.96755,0.006112
696,133.612,7.48438,6.31286,6.30675,0.006112
697,150.577,6.64111,6.59277,6.58659,0.006176
698,140.274,7.12891,6.95706,6.95091,0.006144
699,136.679,7.31641,6.30496,6.29901,0.005952
700,147.977,6.75781,6.59664,6.59046,0.006176
701,142.202,7.03223,7.02074,7.01462,0.006112
702,130.888,7.64014,6.31069,6.30454,0.006144
703,151.502,6.60059,6.31408,6.30794,0.006144
704,145.931,6.85254,6.59302,6.58688,0.006144
705,144.991,6.89697,7.08592,7.07981,0.006112
706,126.913,7.87939,6.31382,6.30781,0.006016
707,141.809,7.05176,6.59651,6.5905,0.006016
708,139.986,7.14355,7.16339,7.15728,0.006112
709,130.812,7.64453,7.25981,7.25366,0.006144
710,130.955,7.63623,7.42733,7.42128,0.006048
711,124.498,8.03223,6.31142,6.30541,0.006016
712,150.721,6.63477,6.57878,6.57254,0.00624
713,141.927,7.0459,7.04131,7.03523,0.00608
714,130.863,7.6416,6.31318,6.3071,0.00608
715,151.367,6.60645,6.59936,6.59418,0.005184
716,139.538,7.1665,6.97466,6.96861,0.006048
717,136.342,7.33447,6.31398,6.30784,0.006144
718,146.926,6.80615,6.59251,6.58637,0.006144
719,143.508,6.96826,6.95568,6.9495,0.006176
720,132.806,7.52979,6.31213,6.30598,0.006144
721,151.816,6.58691,6.6281,6.62195,0.006144
722,137.829,7.25537,6.98243,6.97629,0.006144
723,136.152,7.34473,6.31194,6.30589,0.006048
724,147.923,6.76025,6.60493,6.59901,0.00592
725,140.457,7.11963,6.96934,6.9632,0.006144
726,136.898,7.30469,6.31354,6.30755,0.005984
727,147.232,6.79199,6.59456,6.58842,0.006144
728,144.185,6.93555,6.97958,6.97344,0.006144
729,133.953,7.46533,6.31232,6.3063,0.006016
730,150.312,6.65283,6.59062,6.58448,0.006144
731,129.957,7.69482,6.968,6.96195,0.006048
732,143.478,6.96973,6.31232,6.30618,0.006144
733,144.002,6.94434,6.59398,6.58797,0.006016
734,144.889,6.90186,7.00435,6.99821,0.006144
735,134.808,7.41797,6.31242,6.30627,0.006144
736,142.035,7.04053,6.31066,6.30451,0.006144
737,152.506,6.55713,6.59254,6.58637,0.006176
738,139.624,7.16211,7.02218,7.01622,0.005952
739,136.962,7.30127,6.31011,6.30397,0.006144
740,143.709,6.9585,6.59254,6.58637,0.006176
741,145.197,6.88721,7.0967,7.09059,0.006112
742,131.055,7.63037,6.31328,6.30726,0.006016
743,148.924,6.71484,6.59469,6.58854,0.006144
744,134.834,7.4165,7.08582,7.07984,0.005984
745,142.638,7.01074,6.31392,6.30784,0.00608
746,145.807,6.8584,6.94979,6.94365,0.006144
747,132.78,7.53125,6.31398,6.30784,0.006144
748,143.468,6.97021,6.31098,6.30496,0.006016
749,147.689,6.771,6.62272,6.61638,0.006336
750,141.701,7.05713,6.31197,6.30579,0.006176
751,139.757,7.15527,6.31194,6.30579,0.006144
752,150.666,6.63721,7.31341,7.30726,0.006144
753,125.483,7.96924,6.31187,6.30579,0.00608
754,150.743,6.63379,6.30989,6.30374,0.006144
755,129.236,7.73779,7.40147,7.39539,0.00608
756,144.266,6.93164,6.31158,6.30557,0.006016
757,150.455,6.64648,6.31357,6.30755,0.006016
758,140.833,7.10059,7.03776,7.03165,0.006112
759,134.684,7.4248,6.30496,6.29894,0.006016
760,143.901,6.94922,6.57648,6.57034,0.006144
761,143.548,6.96631,7.05744,7.05126,0.006176
762,126.046,7.93359,6.31277,6.30662,0.006144
763,158.367,6.31445,6.60688,6.60074,0.006144
764,133.996,7.46289,6.98819,6.98221,0.005984
765,139.093,7.18945,6.31194,6.30579,0.006144
766,147.074,6.79932,6.60656,6.60051,0.006048
767,141.018,7.09131,6.9591,6.95296,0.006144
768,137.385,7.27881,6.31024,6.3041,0.006144
769,143.962,6.94629,6.61914,6.61302,0.006112
770,144.388,6.92578,6.9711,6.96509,0.006016
771,132.987,7.51953,6.59536,6.58918,0.006176
772,145.424,6.87646,7.24531,7.23933,0.005984
773,128.506,7.78174,6.96816,6.96205,0.006112
774,135.057,7.4043,6.31242,6.30643,0.005984
775,148.105,6.75195,6.59184,6.58592,0.00592
776,139.348,7.17627,6.95866,6.95242,0.00624
777,135.53,7.37842,6.31194,6.30579,0.006144
778,149.806,6.67529,6.31213,6.30605,0.00608
779,146.789,6.8125,6.5928,6.58666,0.006144
780,139.074,7.19043,6.99418,6.98803,0.006144
781,138.688,7.21045,6.31034,6.30419,0.006144
782,140.438,7.12061,6.59488,6.58874,0.006144
783,146.286,6.83594,7.11165,7.10544,0.006208
784,130.156,7.68311,6.31197,6.30579,0.006176
785,147.561,6.77686,6.59251,6.58643,0.00608
786,142.867,6.99951,8.04656,8.04045,0.006112
787,114.311,8.74805,6.31194,6.30579,0.006144
788,149.883,6.67188,7.40499,7.39894,0.006048
789,129.941,7.6958,6.3049,6.29888,0.006016
790,143.972,6.9458,6.30381,6.2976,0.006208
791,148.406,6.73828,7.03718,7.03104,0.006144
792,132.771,7.53174,6.31414,6.30813,0.006016
793,145.444,6.87549,6.57818,6.57203,0.006144
794,145.734,6.86182,7.00579,6.99958,0.006208
795,132.488,7.54785,6.31594,6.30989,0.006048
796,152.256,6.56787,6.61082,6.60474,0.00608
797,138.838,7.20264,7.02259,7.01645,0.006144
798,136.143,7.34521,6.31194,6.30579,0.006144
799,144.144,6.9375,6.61306,6.60701,0.006048
800,145.424,6.87646,6.95178,6.9456,0.006176
801,134.207,7.45117,6.61709,6.61094,0.006144
802,139.13,7.1875,7.29322,7.28704,0.006176
803,132.129,7.56836,6.96934,6.9632,0.006144
804,131.442,7.60791,6.31203,6.30685,0.005184
805,150.888,6.62744,6.5929,6.58675,0.006144
806,140.082,7.13867,6.96774,6.96256,0.005184
807,138.491,7.2207,6.31229,6.30611,0.006176
808,143.287,6.979,6.59456,6.58842,0.006144
809,132.927,7.52295,7.07181,7.06573,0.00608
810,140.37,7.12402,6.31062,6.30438,0.00624
811,148.137,6.75049,6.59456,6.58842,0.006144
812,98.3339,10.1694,7.00723,7.00122,0.006016
813,213.534,4.68311,6.312,6.30586,0.006144
814,139.567,7.16504,6.31066,6.30448,0.006176
815,142.807,7.00244,6.59661,6.5905,0.006112
816,143.76,6.95605,6.80141,6.7953,0.006112
817,136.17,7.34375,7.38918,7.38307,0.006112
818,127.84,7.82227,7.05226,7.04611,0.006144
819,124.567,8.02783,6.31443,6.30829,0.006144
820,154.543,6.4707,6.57978,6.57357,0.006208
821,138.998,7.19434,7.0847,7.07856,0.006144
822,135.593,7.375,6.30992,6.30374,0.006176
823,145.537,6.87109,6.60544,6.5993,0.006144
824,143.901,6.94922,6.98518,6.97917,0.006016
825,131.518,7.60352,6.31194,6.30579,0.006144
826,148.395,6.73877,6.61158,6.60544,0.006144
827,141.436,7.07031,6.97923,6.97258,0.006656
828,132.317,7.55762,6.31158,6.30557,0.006016
829,152.733,6.54736,6.60893,6.60288,0.006048
830,138.998,7.19434,6.96214,6.956,0.006144
831,138.444,7.22314,6.31398,6.3079,0.00608
832,142.38,7.02344,6.59149,6.58534,0.006144
833,147.285,6.78955,6.97802,6.97283,0.005184
834,132.789,7.53076,6.31235,6.30621,0.006144
835,151.267,6.61084,6.59238,6.58621,0.006176
836,132.001,7.57568,6.99206,6.98688,0.005184
837,142.489,7.01807,6.31398,6.30784,0.006144
838,148.643,6.72754,6.59744,6.59126,0.006176
839,140.389,7.12305,6.97712,6.97117,0.005952
840,137.385,7.27881,6.3136,6.30758,0.006016
841,146.338,6.8335,6.59261,6.58746,0.005152
842,142.361,7.02441,7.00106,6.99488,0.006176
843,133.073,7.51465,6.31344,6.30739,0.006048
844,149.435,6.69189,6.59011,6.58406,0.006048
845,134.286,7.44678,7.02275,7.01664,0.006112
846,137.477,7.27393,6.31344,6.30746,0.005984
847,144.991,6.89697,6.59632,6.59027,0.006048
848,137.847,7.25439,7.71904,7.71299,0.006048
849,122.239,8.18066,6.31309,6.3071,0.005984
850,151.39,6.60547,6.3145,6.30851,0.005984
851,133.655,7.48193,7.30115,7.29498,0.006176
852,139.814,7.15234,6.31296,6.30682,0.006144
853,151.625,6.59521,6.31306,6.30784,0.005216
854,145.672,6.86475,7.36269,7.35651,0.006176
855,127.617,7.83594,6.31072,6.30458,0.006144
856,146.077,6.8457,6.31155,6.30544,0.006112
857,146.589,6.82178,7.02915,7.02307,0.00608
858,131.383,7.61133,6.30218,6.29603,0.006144
859,151.547,6.59863,6.30195,6.29584,0.006112
860,147.169,6.79492,7.0064,7.00038,0.006016
861,130.537,7.66064,6.31357,6.30752,0.006048
862,151.367,6.60645,6.57504,6.5689,0.006144
863,141.818,7.05127,7.0615,7.05536,0.006144
864,135.128,7.40039,6.31238,6.30624,0.006144
865,146.432,6.8291,6.60275,6.59661,0.006144
866,143.931,6.94775,7.00874,7.00259,0.006144
867,130.654,7.65381,6.31011,6.30493,0.005184
868,152.745,6.54688,6.59363,6.58762,0.006016
869,137.792,7.25732,6.96099,6.95498,0.006016
870,137.357,7.28027,6.31053,6.30438,0.006144
871,147.232,6.79199,6.62781,6.62166,0.006144
872,139.234,7.18213,6.9801,6.97408,0.006016
873,135.53,7.37842,6.31338,6.30739,0.005984
874,145.248,6.88477,6.59654,6.59053,0.006016
875,144.93,6.8999,6.9591,6.95296,0.006144
876,133.638,7.48291,6.30989,6.30374,0.006144
877,150.015,6.66602,6.59078,6.58614,0.00464
878,138.043,7.24414,6.96528,6.95914,0.006144
879,138.847,7.20215,6.30381,6.29766,0.006144
880,142.997,6.99316,6.59421,6.58826,0.005952
881,144.225,6.93359,6.9713,6.96525,0.006048
882,135.971,7.35449,6.31242,6.30624,0.006176
883,145.713,6.86279,6.59504,6.58893,0.006112
884,143.427,6.97217,6.96854,6.96259,0.005952
885,130.305,7.67432,6.31245,6.3064,0.006048
886,154.066,6.49072,6.59277,6.58672,0.006048
887,138.989,7.19482,7.02874,7.02262,0.006112
888,134.977,7.40869,6.31174,6.3057,0.006048
889,143.377,6.97461,6.3112,6.30518,0.006016
890,149.784,6.67627,6.59626,6.59024,0.006016
891,125.344,7.97803,7.06051,7.05526,0.005248
892,149.828,6.67432,6.31344,6.30739,0.006048
893,150.599,6.64014,6.59699,6.59069,0.006304
894,137.987,7.24707,8.02742,8.02134,0.00608
895,114.766,8.71338,6.31194,6.30579,0.006144
896,150.081,6.66309,7.37446,7.36838,0.00608
897,128.984,7.75293,6.30422,6.29808,0.006144
898,148.427,6.7373,6.31194,6.30579,0.006144
899,149.773,6.67676,7.02877,7.02259,0.006176
900,133.013,7.51807,6.30531,6.29926,0.006048
901,151.244,6.61182,6.30576,6.29965,0.006112
902,130.471,7.66455,7.04115,7.03446,0.006688
903,143.217,6.98242,6.3089,6.30285,0.006048
904,137.155,7.29102,6.61488,6.60883,0.006048
905,154.391,6.47705,7.04118,7.03597,0.005216
906,132.402,7.55273,6.30842,6.30234,0.00608
907,146.422,6.82959,6.60483,6.59866,0.006176
908,143.538,6.9668,7.3537,7.34762,0.00608
909,126.093,7.93066,6.97344,6.9673,0.006144
910,137.94,7.24951,6.60854,6.60253,0.006016
911,135.459,7.38232,6.97843,6.97229,0.006144
912,137.45,7.27539,6.32211,6.31606,0.006048
913,143.257,6.98047,6.59062,6.58448,0.006144
914,142.947,6.99561,6.97194,6.96672,0.005216
915,132.909,7.52393,6.31194,6.30579,0.006144
916,148.664,6.72656,6.30989,6.30374,0.006144
917,144.827,6.90479,6.59053,6.58448,0.006048
918,139.814,7.15234,7.06067,7.05437,0.006304
919,128.659,7.77246,6.31363,6.30762,0.006016
920,139.149,7.18652,6.59466,6.58947,0.005184
921,146.328,6.83398,7.09021,7.08403,0.006176
922,131.603,7.59863,6.31155,6.30554,0.006016
923,144.164,6.93652,7.24995,7.24378,0.006176
924,132.565,7.54346,7.41376,7.40762,0.006144
925,122.079,8.19141,6.30598,6.30086,0.00512
926,147.87,6.7627,7.04048,7.0345,0.005984
927,129.768,7.70605,6.31398,6.30784,0.006144
928,148.794,6.7207,6.61821,6.61094,0.007264
929,142.499,7.01758,7.03654,7.03053,0.006016
930,135.11,7.40137,6.31392,6.30726,0.006656
931,145.042,6.89453,6.62035,6.61427,0.00608
932,144.582,6.9165,6.96448,6.95846,0.006016
933,133.804,7.47363,6.31136,6.30534,0.006016
934,147.859,6.76318,6.61747,6.61133,0.006144
935,137.293,7.28369,6.95744,6.95226,0.005184
936,138.434,7.22363,6.31197,6.30573,0.00624
937,144.796,6.90625,6.62118,6.61504,0.006144
938,141.251,7.07959,6.97347,6.9673,0.006176
939,137.56,7.26953,6.59616,6.59011,0.006048
940,138.744,7.20752,7.2929,7.28694,0.005952
941,129.826,7.70264,6.99856,6.99248,0.00608
942,136.597,7.3208,6.31398,6.30778,0.006208
943,149.675,6.68115,6.31219,6.30602,0.006176
944,143.468,6.97021,6.59616,6.59011,0.006048
945,144.134,6.93799,7.00211,6.996,0.006112
946,131.493,7.60498,6.30992,6.30374,0.006176
947,147.763,6.76758,6.59523,6.58918,0.006048
948,139.339,7.17676,7.0889,7.08275,0.006144
949,134.577,7.43066,6.31402,6.30784,0.006176
950,143.157,6.98535,6.59229,6.58627,0.006016
951,147.572,6.77637,7.11549,7.10934,0.006144
952,110.643,9.03809,6.31264,6.30646,0.006176
953,175.192,5.70801,6.97104,6.96493,0.006112
954,142.262,7.0293,6.31366,6.30733,0.006336
955,136.679,7.31641,7.34381,7.33779,0.006016
956,128.813,7.76318,7.02259,7.01645,0.006144
957,135.656,7.37158,6.30362,6.2976,0.006016
958,148.449,6.73633,6.30189,6.29574,0.006144
959,146.474,6.82715,7.05242,7.04627,0.006144
960,132.18,7.56543,6.31229,6.30614,0.006144
961,147.158,6.79541,6.6272,6.62115,0.006048
962,140.989,7.09277,7.02122,7.01507,0.006144
963,132.146,7.56738,6.31226,6.30624,0.006016
964,149.938,6.66943,6.61674,6.61078,0.005952
965,141.75,7.05469,7.0656,7.05949,0.006112
966,132.454,7.5498,6.31194,6.30579,0.006144
967,149.784,6.67627,6.64496,6.63894,0.006016
968,139.272,7.18018,6.96454,6.95856,0.005984
969,137.348,7.28076,6.60448,6.59846,0.006016
970,140.979,7.09326,7.32349,7.31747,0.006016
971,130.296,7.6748,6.96816,6.96202,0.006144
972,132.875,7.52588,6.31194,6.30579,0.006144
973,151.827,6.58643,6.59616,6.59011,0.006048
974,139.881,7.14893,6.9591,6.95299,0.006112
975,136.615,7.31982,6.31338,6.30739,0.005984
976,148.363,6.74023,6.31194,6.30579,0.006144
977,146.778,6.81299,6.59293,6.58678,0.006144
978,144.49,6.9209,6.9737,6.96771,0.005984
979,131.78,7.58838,6.31133,6.30531,0.006016
980,150.655,6.6377,6.59456,6.58842,0.006144
981,140.005,7.14258,7.03411,7.02803,0.00608
982,136.071,7.34912,6.31296,6.30678,0.006176
983,140.814,7.10156,6.59862,6.59264,0.005984
984,149.38,6.69434,7.06528,7.05926,0.006016
985,130.214,7.67969,6.31286,6.30672,0.006144
986,142.728,7.00635,6.59338,6.58726,0.006112
987,142.064,7.03906,6.31395,6.3079,0.006048
988,133.961,7.46484,6.31197,6.30579,0.006176
989,151.3,6.60938,6.62426,6.61821,0.006048
990,134.26,7.44824,6.31571,6.3097,0.006016
991,138.154,7.23828,6.31562,6.30957,0.006048
992,147.923,6.76025,7.38509,7.37882,0.006272
993,129.146,7.74316,6.31408,6.30806,0.006016
994,142.569,7.01416,6.31395,6.30784,0.006112
995,146.015,6.84863,7.39837,7.39222,0.006144
996,127.92,7.81738,6.31091,6.3049,0.006016
997,147.148,6.7959,6.5735,6.56733,0.006176
998,143.669,6.96045,7.04128,7.03526,0.006016
999,133.108,7.5127,6.31181,6.30579,0.006016
1000,142.638,7.01074,6.60186,6.59581,0.006048
1001,145.869,6.85547,7.01981,7.01373,0.00608
1002,133.186,7.5083,6.31194,6.30579,0.006144
1003,148.664,6.72656,6.63594,6.62979,0.006144
1004,140.872,7.09863,6.97075,6.96474,0.006016
1005,133.76,7.47607,6.31197,6.30592,0.006048
1006,87.6825,11.4048,6.31088,6.30474,0.006144
1007,385.18,2.59619,6.6337,6.62755,0.006144
1008,145.022,6.89551,6.95722,6.95117,0.006048
1009,138.248,7.2334,6.59213,6.58611,0.006016
1010,144.246,6.93262,6.97549,6.96934,0.006144
1011,134.383,7.44141,6.31309,6.30707,0.006016
1012,149.828,6.67432,6.59606,6.58867,0.007392
1013,140.833,7.10059,7.28698,7.28083,0.006144
1014,126.529,7.90332,7.06202,7.05584,0.006176
1015,124.129,8.05615,6.59661,6.59046,0.006144
1016,146.077,6.8457,7.25731,6.99578,0.261536
1017,114.407,8.74072,7.3999,7.39382,0.00608
1018,128.951,7.75488,6.58022,6.57408,0.006144
1019,143.568,6.96533,7.07546,7.06941,0.006048
1020,135.701,7.36914,6.31194,6.30579,0.006144
1021,133.83,7.47217,6.61126,6.60512,0.006144
1022,157.019,6.36865,7.02669,7.02058,0.006112
1023,129.138,7.74365,6.31984,6.31338,0.006464
1024,145.351,6.87988,6.5993,6.59312,0.006176
1025,145.228,6.88574,6.97862,6.97264,0.005984
1026,133.091,7.51367,6.312,6.30586,0.006144
1027,150.18,6.65869,6.62646,6.62042,0.006048
1028,139.206,7.18359,6.98051,6.9744,0.006112
1029,135.486,7.38086,6.31341,6.3073,0.006112
1030,145.382,6.87842,6.59366,6.58755,0.006112
1031,143.147,6.98584,6.97344,6.9673,0.006144
1032,133.9,7.46826,6.312,6.30602,0.005984
1033,151.379,6.60596,6.59446,6.58842,0.006048
1034,140.95,7.09473,6.96525,6.9591,0.006144
1035,136.025,7.35156,6.31398,6.30784,0.006144
1036,148.924,6.71484,6.59117,6.58621,0.00496
1037,137.091,7.29443,6.97453,6.96851,0.006016
1038,137.137,7.29199,6.31392,6.30784,0.00608
1039,145.351,6.87988,6.59661,6.59046,0.006144
1040,145.703,6.86328,6.99808,6.99203,0.006048
1041,131.882,7.58252,6.31194,6.30579,0.006144
1042,151.155,6.61572,6.59478,6.58867,0.006112
1043,138.725,7.2085,7.02938,7.02326,0.006112
1044,135.908,7.35791,6.31398,6.30784,0.006144
1045,148.127,6.75098,6.31402,6.30784,0.006176
1046,144.572,6.91699,6.59459,6.58842,0.006176
1047,145.724,6.8623,7.0697,7.06358,0.006112
1048,129.645,7.71338,6.31206,6.30685,0.005216
1049,149.184,6.70312,6.59658,6.59046,0.006112
1050,138.584,7.21582,6.78515,6.77994,0.005216
1051,136.361,7.3335,6.31274,6.30659,0.006144
1052,143.921,6.94824,6.62966,6.62362,0.006048
1053,141.115,7.08643,6.31382,6.30794,0.005888
1054,134.631,7.42773,6.31264,6.3065,0.006144
1055,150.301,6.65332,7.34576,7.33974,0.006016
1056,123.858,8.07373,6.31283,6.30669,0.006144
1057,154.589,6.46875,6.31392,6.30784,0.00608
1058,149.817,6.6748,7.39741,7.39123,0.006176
1059,125.891,7.94336,6.30582,6.29981,0.006016
1060,149.032,6.70996,6.30973,6.30374,0.005984
1061,147.763,6.76758,7.06317,7.05715,0.006016
1062,130.621,7.65576,6.31046,6.30429,0.006176
1063,145.61,6.86768,6.57421,6.568,0.006208
1064,143.669,6.96045,7.04877,7.04269,0.00608
1065,129.285,7.73486,6.31158,6.3056,0.005984
1066,152.2,6.57031,6.60301,6.59686,0.006144
1067,120.698,8.28516,6.97338,6.9673,0.00608
1068,154.613,6.46777,6.31168,6.3056,0.00608
1069,145.931,6.85254,6.62688,6.6209,0.005984
1070,138.791,7.20508,6.98371,6.97754,0.006176
1071,137.616,7.2666,6.31411,6.30806,0.006048
1072,148.816,6.71973,6.61475,6.60877,0.005984
1073,138.08,7.24219,6.97939,6.97341,0.005984
1074,137.118,7.29297,6.31376,6.30778,0.005984
1075,148.148,6.75,6.59395,6.5879,0.006048
1076,140.159,7.13477,6.9632,6.95706,0.006144
1077,136.99,7.2998,6.31101,6.30493,0.00608
1078,141.71,7.05664,6.5944,6.58842,0.005984
1079,144.47,6.92188,6.96525,6.9591,0.006144
1080,134.242,7.44922,6.30989,6.30387,0.006016
1081,149.686,6.68066,6.5945,6.58832,0.006176
1082,132.385,7.55371,7.00211,6.9961,0.006016
1083,144.104,6.93945,6.31194,6.30579,0.006144
1084,147.296,6.78906,6.31194,6.30579,0.006144
1085,147.148,6.7959,6.59885,6.59366,0.005184
1086,138.21,7.23535,7.0313,7.02515,0.006144
1087,134.577,7.43066,6.31194,6.30579,0.006144
1088,146.537,6.82422,6.59488,6.58874,0.006144
1089,141.3,7.07715,7.06099,7.05504,0.005952
1090,134.666,7.42578,6.31194,6.30579,0.006144
1091,145.807,6.8584,6.59517,6.58902,0.006144
1092,138.304,7.23047,6.31469,6.30854,0.006144
1093,118.711,8.42383,6.31203,6.30685,0.005184
1094,152.404,6.56152,7.39853,7.39248,0.006048
1095,123.507,8.09668,6.3039,6.29792,0.005984
1096,151.01,6.62207,6.30486,6.29878,0.00608
1097,149.293,6.69824,7.04829,7.04227,0.006016
1098,127.158,7.86426,6.31277,6.30662,0.006144
1099,152.79,6.54492,6.57616,6.57002,0.006144
1100,143.077,6.98926,7.03891,7.03286,0.006048
1101,133.299,7.50195,6.3129,6.30678,0.006112
1102,146.579,6.82227,6.60909,6.6031,0.005984
1103,143.097,6.98828,7.0217,7.0144,0.007296
1104,133.839,7.47168,6.31219,6.30698,0.005216
1105,150.213,6.65723,6.61798,6.61184,0.006144
1106,138.21,7.23535,7.0105,7.00454,0.005952
1107,133.996,7.46289,6.31194,6.30579,0.006144
1108,145.869,6.85547,6.62518,6.6191,0.00608
1109,142.163,7.03418,6.96269,6.95664,0.006048
1110,136.352,7.33398,6.31194,6.30579,0.006144
1111,146.077,6.8457,6.60275,6.5967,0.006048
1112,145.084,6.89258,6.9623,6.95622,0.00608
1113,133.351,7.49902,6.31258,6.30646,0.006112
1114,149.927,6.66992,6.59622,6.59021,0.006016
1115,141.261,7.0791,6.97139,6.96525,0.006144
1116,136.88,7.30566,6.31114,6.30509,0.006048
1117,143.237,6.98145,6.59552,6.58938,0.006144
1118,143.417,6.97266,6.96096,6.95494,0.006016
1119,135.881,7.35938,6.31014,6.30413,0.006016
1120,146.936,6.80566,6.59981,6.59382,0.005984
1121,143.982,6.94531,6.97139,6.96528,0.006112
1122,135.253,7.39355,6.31206,6.30602,0.006048
1123,151.099,6.61816,6.59171,6.58451,0.0072
1124,138.36,7.22754,6.99802,6.9919,0.006112
1125,131.181,7.62305,6.31398,6.30784,0.006144
1126,151.256,6.61133,6.59251,6.5864,0.006112
1127,142.957,6.99512,7.05744,7.05126,0.006176
1128,129.768,7.70605,6.31075,6.30458,0.006176
1129,154.776,6.46094,6.31194,6.30589,0.006048
1130,143.921,6.94824,6.59466,6.5887,0.005952
1131,141.358,7.07422,7.08986,7.08381,0.006048
1132,132.987,7.51953,6.31472,6.30864,0.00608
1133,147,6.80273,6.59773,6.59165,0.00608
1134,142.579,7.01367,6.31267,6.30662,0.006048
1135,134.26,7.44824,6.3119,6.30579,0.006112
1136,150.257,6.65527,6.62502,6.61901,0.006016
1137,128.919,7.75684,6.31594,6.30989,0.006048
1138,153.27,6.52441,6.3111,6.30515,0.005952
1139,149.729,6.67871,7.2745,7.26835,0.006144
1140,127.776,7.82617,7.39738,7.39123,0.006144
1141,127.792,7.8252,6.30365,6.2976,0.006048
1142,146.81,6.81152,7.0481,7.04189,0.006208
1143,127.237,7.85938,6.31213,6.30598,0.006144
1144,147.275,6.79004,6.60637,6.60026,0.006112
1145,141.476,7.06836,7.07568,7.06966,0.006016
1146,133.333,7.5,6.31194,6.30579,0.006144
1147,147.614,6.77441,6.62182,6.61568,0.006144
1148,145.537,6.87109,6.98291,6.97686,0.006048
1149,132.78,7.53125,6.31322,6.30723,0.005984
1150,149.206,6.70215,6.61725,6.61133,0.00592
1151,143.237,6.98145,6.97478,6.9687,0.00608
1152,132.832,7.52832,6.31219,6.30614,0.006048
1153,149.336,6.69629,6.63267,6.62669,0.005984
1154,141.3,7.07715,6.97475,6.96874,0.006016
1155,134.014,7.46191,6.59456,6.58842,0.006144
1156,145.084,6.89258,7.25094,7.24442,0.006528
1157,126.311,7.91699,7.00358,6.99754,0.006048
1158,138.772,7.20605,6.30957,6.30352,0.006048
1159,147.699,6.77051,6.30989,6.30374,0.006144
1160,145.517,6.87207,6.59562,6.58966,0.005952
1161,145.166,6.88867,6.9881,6.98208,0.006016
1162,135.432,7.38379,6.59459,6.58842,0.006176
1163,141.047,7.08984,7.08589,7.07981,0.00608
1164,130.746,7.64844,6.3119,6.30579,0.006112
1165,150.147,6.66016,6.31197,6.30595,0.006016
1166,146.558,6.82324,6.59456,6.58842,0.006144
1167,143.458,6.9707,7.05238,7.04512,0.007264
1168,131.383,7.61133,6.31117,6.3049,0.006272
1169,143.76,6.95605,6.59533,6.58915,0.006176
1170,138.453,7.22266,6.31533,6.30931,0.006016
1171,142.977,6.99414,6.6519,6.63072,0.021184
1172,135.378,7.38672,7.41142,7.40541,0.006016
1173,117.674,8.49805,6.31194,6.30579,0.006144
1174,147.232,6.79199,6.57613,6.56998,0.006144
1175,140.255,7.12988,7.05331,7.04717,0.006144
1176,134.897,7.41309,6.31398,6.30784,0.006144
1177,143.017,6.99219,6.60746,6.60141,0.006048
1178,143.982,6.94531,6.98982,6.98368,0.006144
1179,127.268,7.85742,6.31219,6.30621,0.005984
1180,149.971,6.66797,6.60499,6.59981,0.005184
1181,122.356,8.17285,6.97763,6.97168,0.005952
1182,156.503,6.38965,6.31219,6.30602,0.006176
1183,147.253,6.79102,6.60464,6.59866,0.005984
1184,139.377,7.1748,6.9673,6.96115,0.006144
1185,136.152,7.34473,6.31398,6.30784,0.006144
1186,142.559,7.01465,6.59376,6.58771,0.006048
1187,143.458,6.9707,6.95325,6.9471,0.006144
1188,131.687,7.59375,6.31206,6.30605,0.006016
1189,150.544,6.64258,6.59677,6.59062,0.006144
1190,140.544,7.11523,6.99664,6.99066,0.005984
1191,132.97,7.52051,6.31043,6.30435,0.00608
1192,132.728,7.53418,6.31194,6.30579,0.006144
1193,150.103,6.66211,6.59974,6.59251,0.007232
1194,140.989,7.09277,7.06355,7.05741,0.006144
1195,134.79,7.41895,6.31174,6.30573,0.006016
1196,148.148,6.75,6.5912,6.58602,0.005184
1197,138.304,7.23047,6.31594,6.30989,0.006048
1198,132.334,7.55664,6.31347,6.30752,0.005952
1199,147.465,6.78125,7.25811,7.25197,0.006144
1200,130.846,7.64258,6.31194,6.30579,0.006144
1201,145.372,6.87891,7.36282,7.3567,0.006112
1202,129.506,7.72168,7.03011,7.02413,0.005984
1203,127.569,7.83887,6.31392,6.30784,0.00608
1204,148.816,6.71973,6.60941,6.60333,0.00608
1205,139.852,7.15039,7.0513,7.04515,0.006144
1206,135.863,7.36035,6.31197,6.30579,0.006176
1207,148.492,6.73438,6.59866,6.59251,0.006144
1208,137.671,7.26367,6.98614,6.98016,0.005984
1209,139.187,7.18457,6.31331,6.30726,0.006048
1210,146.181,6.84082,6.62464,6.61869,0.005952
1211,141.868,7.04883,6.95091,6.94477,0.006144
1212,132.112,7.56934,6.31002,6.30387,0.006144
1213,153.823,6.50098,6.6208,6.61478,0.006016
1214,139.225,7.18262,6.96947,6.96429,0.005184
1215,137.579,7.26855,6.31062,6.30445,0.006176
1216,137.173,7.29004,6.59658,6.59002,0.00656
1217,152.927,6.53906,6.96698,6.96099,0.005984
1218,135.039,7.40527,6.31142,6.30544,0.005984
1219,145.269,6.88379,6.59306,6.58691,0.006144
1220,144.981,6.89746,6.9793,6.97331,0.005984
1221,132.522,7.5459,6.31507,6.30906,0.006016
1222,146.328,6.83398,6.59142,6.58528,0.006144
1223,144.347,6.92773,6.9776,6.97139,0.006208
1224,133.891,7.46875,6.31184,6.30579,0.006048
1225,143.982,6.94531,6.31194,6.30579,0.006144
1226,151.547,6.59863,6.59536,6.58922,0.006144
1227,129.032,7.75,6.98678,6.98061,0.006176
1228,146.14,6.84277,6.30992,6.30374,0.006176
1229,149.228,6.70117,6.59414,6.5881,0.006048
1230,140.892,7.09766,7.02749,7.02134,0.006144
1231,137.118,7.29297,6.31366,6.30765,0.006016
1232,137.1,7.29395,6.60275,6.59664,0.006112
1233,141.927,7.0459,7.07171,7.06573,0.005984
1234,134.049,7.45996,6.312,6.30598,0.006016
1235,151.211,6.61328,6.61171,6.60554,0.006176
1236,134.666,7.42578,6.31466,6.30851,0.006144
1237,138.979,7.19531,6.31552,6.30954,0.005984
1238,133.699,7.47949,7.00413,6.99802,0.006112
1239,148.945,6.71387,6.31194,6.30579,0.006144
1240,143.639,6.96191,6.31194,6.30579,0.006144
1241,144.858,6.90332,7.32995,7.32467,0.00528
1242,130.363,7.6709,6.30864,6.3025,0.006144
1243,143.097,6.98828,6.31398,6.30784,0.006144
1244,151.323,6.6084,7.39674,7.39066,0.00608
1245,124.787,8.01367,6.30419,6.29802,0.006176
1246,150.015,6.66602,6.30365,6.2976,0.006048
1247,144.327,6.92871,7.02118,7.01507,0.006112
1248,137.523,7.27148,6.31194,6.30579,0.006144
1249,142.559,7.01465,6.57658,6.57037,0.006208
1250,141.183,7.08301,7.0337,7.02755,0.006144
1251,133.891,7.46875,6.31171,6.3057,0.006016
1252,150.478,6.64551,6.59875,6.59357,0.005184
1253,139.017,7.19336,6.97677,6.97072,0.006048
1254,136.77,7.31152,6.31213,6.30576,0.006368
1255,139.244,7.18164,6.62736,6.62141,0.005952
1256,149.751,6.67773,6.99434,6.98835,0.005984
1257,124.802,8.0127,6.3119,6.30586,0.006048
1258,159.13,6.28418,6.59456,6.58842,0.006144
1259,142.183,7.0332,6.96384,6.95773,0.006112
1260,132.3,7.55859,6.31373,6.30771,0.006016
1261,145.765,6.86035,6.59456,6.58947,0.005088
1262,145.496,6.87305,6.96586,6.95971,0.006144
1263,136.315,7.33594,6.31037,6.30422,0.006144
1264,143.901,6.94922,6.5936,6.58752,0.00608
1265,145.579,6.86914,6.96688,6.96086,0.006016
1266,132.935,7.52246,6.31206,6.30688,0.005184
1267,148.708,6.72461,6.59882,6.5928,0.006016
1268,136.99,7.2998,6.95392,6.94874,0.005184
1269,137.413,7.27734,6.3145,6.30835,0.006144
1270,149.576,6.68555,6.59501,6.58883,0.006176
1271,139.358,7.17578,7.02678,7.0207,0.00608
1272,135.575,7.37598,6.31219,6.30618,0.006016
1273,147.423,6.7832,6.31152,6.30566,0.005856
1274,151.077,6.61914,6.59651,6.59046,0.006048
1275,136.606,7.32031,7.05744,7.0511,0.006336
1276,135.199,7.39648,6.31315,6.30714,0.006016
1277,144.694,6.91113,6.59046,6.58544,0.005024
1278,142.937,6.99609,7.09075,7.08461,0.006144
1279,131.789,7.58789,6.32637,6.32022,0.006144
1280,142.599,7.0127,6.96906,6.96294,0.006112
1281,138.923,7.19824,6.30989,6.30374,0.006144
1282,142.797,7.00293,6.31216,6.30618,0.005984
1283,150.433,6.64746,6.31354,6.30749,0.006048
1284,143.82,6.95312,6.31152,6.3055,0.006016
1285,153.546,6.5127,6.31136,6.30531,0.006048
1286,141.691,7.05762,6.30922,6.3033,0.00592
1287,146.244,6.83789,6.31142,6.30528,0.006144
1288,150.5,6.64453,6.31149,6.3055,0.005984
1289,144.694,6.91113,6.31213,6.30614,0.005984
1290,146.979,6.80371,6.31382,6.30781,0.006016
1291,145.765,6.86035,6.31194,6.30579,0.006144
1292,146.579,6.82227,6.31194,6.30579,0.006144
1293,148.751,6.72266,6.30989,6.30374,0.006144
1294,143.719,6.95801,6.31302,6.30698,0.006048
1295,119.014,8.40234,6.60496,6.59888,0.00608
1296,156.935,6.37207,7.09133,7.08522,0.006112
1297,135.504,7.37988,6.31181,6.30573,0.00608
1298,149.511,6.68848,6.32806,6.32157,0.006496
1299,150.147,6.66016,6.59514,6.58899,0.006144
1300,142.183,7.0332,6.31725,6.31123,0.006016
1301,128.305,7.79395,6.30966,6.30362,0.006048
1302,148.989,6.71191,7.33539,7.32934,0.006048
1303,123.956,8.06738,6.31194,6.30579,0.006144
1304,154.356,6.47852,6.31075,6.30461,0.006144
1305,142.38,7.02344,7.3959,7.38976,0.006144
1306,129.555,7.71875,6.30717,6.30122,0.005952
1307,146.537,6.82422,6.31203,6.30682,0.005216
1308,150.125,6.66113,7.05507,7.04918,0.005888
1309,130.997,7.63379,6.31267,6.3065,0.006176
1310,147.275,6.79004,6.57222,6.56608,0.006144
1311,138.322,7.22949,7.06253,7.05658,0.005952
1312,135.486,7.38086,6.31347,6.30742,0.006048
1313,148.449,6.73633,6.6089,6.60275,0.006144
1314,135.845,7.36133,6.98416,6.97805,0.006112
1315,138.641,7.21289,6.31398,6.30784,0.006144
1316,143.097,6.98828,6.61088,6.60486,0.006016
1317,144.47,6.92188,6.97398,6.96877,0.005216
1318,133.316,7.50098,6.30989,6.30374,0.006144
1319,148.513,6.7334,6.64675,6.64054,0.006208
1320,138.509,7.21973,6.98934,6.98342,0.00592
1321,137.21,7.28809,6.31168,6.30563,0.006048
1322,146.6,6.82129,6.59456,6.58842,0.006144
1323,141.671,7.05859,6.96384,6.95776,0.00608
1324,138.528,7.21875,6.31331,6.30733,0.005984
1325,146.453,6.82812,6.59459,6.58858,0.006016
1326,141.378,7.07324,6.97085,6.9649,0.005952
1327,135.881,7.35938,6.5945,6.58848,0.006016
1328,141.75,7.05469,7.25731,7.25133,0.005984
1329,129.179,7.74121,7.08531,7.0792,0.006112
1330,133.909,7.46777,6.31091,6.30474,0.006176
1331,144.043,6.94238,6.31197,6.30579,0.006176
1332,145.682,6.86426,6.59251,6.58637,0.006144
1333,121.543,8.22754,7.10045,7.09443,0.006016
1334,152.767,6.5459,6.31363,6.30762,0.006016
1335,150.966,6.62402,6.95405,6.94787,0.006176
1336,133.996,7.46289,6.3135,6.30749,0.006016
1337,145.31,6.88184,6.31091,6.3049,0.006016
1338,146.369,6.83203,7.00218,6.99603,0.006144
1339,136.752,7.3125,6.31366,6.30762,0.006048
1340,139.738,7.15625,6.31402,6.30787,0.006144
1341,149.184,6.70312,7.33562,7.3295,0.006112
1342,109.39,9.1416,6.30579,6.29965,0.006144
1343,169.228,5.90918,7.41178,7.4057,0.00608
1344,106.578,9.38281,6.96614,6.95997,0.006176
1345,155.647,6.4248,6.31059,6.30445,0.006144
1346,148.751,6.72266,6.60032,6.59434,0.005984
1347,139.662,7.16016,6.97142,6.96525,0.006176
1348,138.998,7.19434,6.31334,6.30733,0.006016
1349,143.538,6.9668,6.60038,6.59443,0.005952
1350,144.94,6.89941,6.96166,6.95549,0.006176
1351,133.091,7.51367,6.31194,6.30579,0.006144
1352,149.773,6.67676,6.59309,6.58694,0.006144
1353,136.789,7.31055,6.96938,6.96339,0.005984
1354,137.321,7.28223,6.31174,6.3057,0.006048
1355,124.848,8.00977,6.59046,6.58435,0.006112
1356,170.866,5.85254,6.95846,6.95242,0.006048
1357,135.611,7.37402,6.31238,6.30624,0.006144
1358,144.307,6.92969,6.59014,6.5841,0.006048
1359,141.966,7.04395,7.00003,6.99392,0.006112
1360,134.542,7.43262,6.31325,6.3073,0.005952
1361,148.384,6.73926,6.59213,6.58458,0.007552
1362,125.583,7.96289,7.04378,7.03776,0.006016
1363,143.377,6.97461,6.30998,6.30387,0.006112
1364,129.016,7.75098,6.31651,6.31037,0.006144
1365,156.312,6.39746,6.59981,6.59379,0.006016
1366,144.817,6.90527,7.1697,7.16371,0.005984
1367,130.28,7.67578,6.31011,6.30493,0.005184
1368,147.359,6.78613,7.33389,7.32774,0.006144
1369,122.576,8.1582,6.31325,6.30723,0.006016
1370,150.633,6.63867,6.31181,6.30576,0.006048
1371,142.917,6.99707,7.10227,7.09622,0.006048
1372,132.763,7.53223,6.60237,6.59686,0.005504
1373,135.863,7.36035,7.39053,7.38458,0.005952
1374,132.317,7.55762,6.96701,6.96106,0.005952
1375,132.488,7.54785,6.31197,6.30579,0.006176
1376,151.794,6.58789,6.62106,6.61504,0.006016
1377,139.396,7.17383,6.98368,6.97757,0.006112
1378,136.025,7.35156,6.31354,6.30752,0.006016
1379,149.184,6.70312,6.62294,6.61686,0.00608
1380,137.339,7.28125,6.97344,6.9673,0.006144
1381,137.801,7.25684,6.3097,6.30365,0.006048
1382,143.76,6.95605,6.59661,6.59046,0.006144
1383,144.612,6.91504,6.99805,6.99187,0.006176
1384,131.942,7.5791,6.31306,6.30698,0.00608
1385,152.722,6.54785,6.59648,6.59043,0.006048
1386,133.734,7.47754,6.99821,6.99219,0.006016
1387,141.008,7.0918,6.6032,6.59699,0.006208
1388,126.248,7.9209,7.03744,7.0313,0.006144
1389,138.716,7.20898,6.31168,6.30576,0.00592
1390,147.806,6.76562,6.31194,6.30579,0.006144
1391,139.852,7.15039,6.59472,6.5895,0.005216
1392,144.837,6.9043,7.11091,7.10493,0.005984
1393,131.248,7.61914,6.31347,6.30742,0.006048
1394,150.5,6.64453,6.98371,6.97754,0.006176
1395,132.454,7.5498,6.31434,6.30832,0.006016
1396,142.301,7.02734,6.31526,6.30925,0.006016
1397,142.638,7.01074,7.34262,7.33654,0.00608
1398,130.579,7.6582,6.31414,6.30758,0.00656
1399,131.806,7.58691,6.31194,6.30579,0.006144
1400,168.172,5.94629,7.40038,7.39427,0.006112
1401,104.5,9.56934,6.31194,6.30579,0.006144
1402,190.76,5.24219,6.57821,6.57203,0.006176
1403,142.282,7.02832,7.38403,7.37789,0.006144
1404,125.367,7.97656,6.99453,6.98838,0.006144
1405,138.136,7.23926,6.61789,6.6127,0.005184
1406,138.659,7.21191,6.96454,6.95853,0.006016
1407,138.229,7.23438,6.3128,6.30662,0.006176
1408,145.289,6.88281,6.59523,6.58909,0.006144
1409,142.559,7.01465,6.99149,6.98547,0.006016
1410,131.806,7.58691,6.31069,6.30554,0.005152
1411,152.472,6.55859,6.59683,6.59162,0.005216
1412,123.225,8.11523,6.95878,6.9527,0.00608
1413,149.686,6.68066,6.31024,6.3041,0.006144
1414,147.148,6.7959,6.32771,6.32163,0.00608
1415,140.312,7.12695,6.59098,6.58579,0.005184
1416,144.551,6.91797,7.00416,6.99904,0.00512
1417,131.636,7.59668,6.59456,6.58842,0.006144
1418,143.982,6.94531,7.05126,7.04512,0.006144
1419,130.313,7.67383,6.59715,6.59098,0.006176
1420,136.261,7.33887,6.31462,6.30848,0.006144
1421,131.013,7.63281,7.33155,7.32525,0.006304
1422,128.756,7.7666,6.31181,6.30579,0.006016
1423,145.475,6.87402,6.31248,6.30634,0.006144
1424,147.529,6.77832,7.43078,7.42467,0.006112
1425,128.032,7.81055,6.3055,6.29946,0.006048
1426,150.943,6.625,6.57437,6.56819,0.006176
1427,125.214,7.98633,7.12467,7.11872,0.005952
1428,140.466,7.11914,6.31405,6.3079,0.006144
1429,151.704,6.5918,6.62304,6.61702,0.006016
1430,137.394,7.27832,7.00141,6.99546,0.005952
1431,137.801,7.25684,6.31142,6.30544,0.005984
1432,143.84,6.95215,6.62784,6.6217,0.006144
1433,144.531,6.91895,7.03898,7.03283,0.006144
1434,131.603,7.59863,6.59354,6.58742,0.006112
1435,144.286,6.93066,7.29498,7.28883,0.006144
1436,126.373,7.91309,6.9609,6.95488,0.006016
1437,135.971,7.35449,6.32032,6.3151,0.005216
1438,147.913,6.76074,6.5951,6.58906,0.006048
1439,139.967,7.14453,6.96256,6.95645,0.006112
1440,122.855,8.13965,6.31091,6.30477,0.006144
1441,163.187,6.12793,6.31293,6.30771,0.005216
1442,141.73,7.05566,6.59763,6.59149,0.006144
1443,141.848,7.0498,7.01606,7.01002,0.006048
1444,128.482,7.7832,6.31187,6.30579,0.00608
1445,146.181,6.84082,6.59456,6.58842,0.006144
1446,142.837,7.00098,6.3159,6.30989,0.006016
1447,131.484,7.60547,6.31123,6.30528,0.005952
1448,150.081,6.66309,6.6519,6.64576,0.006144
1449,137.339,7.28125,7.35725,7.35114,0.006112
1450,124.909,8.00586,6.3121,6.30595,0.006144
1451,142.301,7.02734,7.05034,7.04432,0.006016
1452,134.79,7.41895,6.31277,6.30662,0.006144
1453,126.607,7.89844,6.57558,6.56941,0.006176
1454,167.814,5.95898,7.04374,7.03776,0.005984
1455,133.664,7.48145,6.31194,6.30579,0.006144
1456,143.619,6.96289,6.59478,6.58877,0.006016
1457,144.388,6.92578,7.12294,7.1168,0.006144
1458,127.952,7.81543,6.31174,6.30573,0.006016
1459,147.211,6.79297,6.66029,6.65414,0.006144
1460,139.948,7.14551,7.01094,7.00576,0.005184
1461,137.69,7.2627,6.31219,6.30621,0.005984
1462,140.466,7.11914,6.59226,6.58621,0.006048
1463,147.381,6.78516,6.97962,6.97344,0.006176
1464,113.249,8.83008,6.59242,6.5864,0.006016
1465,173.795,5.75391,7.24909,7.24298,0.006112
1466,123.284,8.11133,7.0305,7.02445,0.006048
1467,136.225,7.34082,6.31152,6.30557,0.005952
1468,151.974,6.58008,6.31213,6.30598,0.006144
1469,142.698,7.00781,6.59046,6.58432,0.006144
1470,140.101,7.1377,7.0383,7.03082,0.007488
1471,130.379,7.66992,6.31344,6.30739,0.006048
1472,148.17,6.74902,6.5969,6.59085,0.006048
1473,133.49,7.49121,7.1609,7.15482,0.00608
1474,138.641,7.21289,6.31245,6.3063,0.006144
1475,144.205,6.93457,7.37286,7.36682,0.006048
1476,130.93,7.6377,6.31194,6.30579,0.006144
1477,125.168,7.98926,6.31194,6.30579,0.006144
1478,166.884,5.99219,7.4247,7.41859,0.006112
1479,111.003,9.00879,6.61158,6.60544,0.006144
1480,162.334,6.16016,7.45626,7.45034,0.00592
1481,122.885,8.1377,6.96467,6.95856,0.006112
1482,137.653,7.26465,6.31219,6.30605,0.006144
1483,148.363,6.74023,6.6295,6.62346,0.006048
1484,140.621,7.11133,6.97242,6.96643,0.005984
1485,137.082,7.29492,6.31165,6.3056,0.006048
1486,140.775,7.10352,6.59462,6.58861,0.006016
1487,143.639,6.96191,6.98246,6.97728,0.005184
1488,125.168,7.98926,6.31373,6.30771,0.006016
1489,154.194,6.48535,6.59251,6.58637,0.006144
1490,115.147,8.68457,7.02026,7.01421,0.006048
1491,163.213,6.12695,6.30998,6.30397,0.006016
1492,146.831,6.81055,6.31149,6.30547,0.006016
1493,139.434,7.17188,6.596,6.59002,0.005984
1494,144.776,6.90723,7.04368,7.0375,0.006176
1495,128.048,7.80957,6.59718,6.59104,0.006144
1496,143.437,6.97168,7.35754,7.3505,0.00704
1497,117.377,8.51953,6.31254,6.30643,0.006112
1498,150.877,6.62793,6.31235,6.30637,0.005984
1499,145.331,6.88086,7.40342,7.39728,0.006144
1500,131.316,7.61523,6.30563,6.29962,0.006016
1501,141.202,7.08203,6.30576,6.29965,0.006112
1502,151.166,6.61523,7.04115,7.03501,0.006144
1503,125.737,7.95312,6.31267,6.30656,0.006112
1504,153.087,6.53223,6.61123,6.60499,0.00624
1505,135.057,7.4043,7.05747,7.0513,0.006176
1506,133.229,7.50586,6.31091,6.30477,0.006144
1507,150.766,6.63281,6.6393,6.63328,0.006016
1508,132.746,7.5332,7.00205,6.99606,0.005984
1509,138.397,7.22559,6.60144,6.59523,0.006208
1510,139.339,7.17676,7.30054,7.29453,0.006016
1511,128.032,7.81055,6.95907,6.95302,0.006048
1512,135.146,7.39941,6.31197,6.30579,0.006176
1513,150.345,6.65137,6.59651,6.5905,0.006016
1514,134.26,7.44824,7.03072,7.02464,0.00608
1515,130.829,7.64355,6.3119,6.30579,0.006112
1516,147.232,6.79199,6.31222,6.30624,0.005984
1517,141.828,7.05078,6.5977,6.59168,0.006016
1518,121.471,8.23242,7.12154,7.11514,0.0064
1519,155.694,6.42285,6.31088,6.30474,0.006144
1520,152.404,6.56152,6.60986,6.59142,0.018432
1521,132.728,7.53418,6.31398,6.30784,0.006144
1522,143.478,6.96973,6.31197,6.30579,0.006176
1523,149.184,6.70312,6.62582,6.61978,0.006048
1524,143.962,6.94629,6.31494,6.30877,0.006176
1525,118.477,8.44043,6.31328,6.30726,0.006016
1526,178.025,5.61719,7.30778,7.30166,0.006112
1527,125.953,7.93945,6.31203,6.30602,0.006016
1528,150.367,6.65039,6.31398,6.30784,0.006144
1529,150.037,6.66504,7.36464,7.35846,0.006176
1530,125.876,7.94434,6.31104,6.30502,0.006016
1531,150.279,6.6543,6.31002,6.30397,0.006048
1532,132.832,7.52832,7.01235,7.00624,0.006112
1533,147.063,6.7998,6.30592,6.30074,0.005184
1534,145.869,6.85547,6.30637,6.30022,0.006144
1535,149.402,6.69336,7.03926,7.03312,0.006144
